Name,Address,Phone,Rating,AvgCost,Popular Dishes,Location,Pizza,Fast Food,Pasta,Beverages,Desserts,Rolls,North Indian,Chinese,Momos,Street Food,Biryani,South Indian,Mithai,Wraps,Burger,Bakery,Tea,Sandwich,Mughlai,Kebab,Hyderabadi,Healthy Food,Salad,Coffee,Lucknowi,Sichuan,Continental,American,Tibetan,Maharashtrian,Andhra,Cafe,Asian,Shake,Italian,Seafood,Kerala,Ice Cream,Mexican,Juices,cuisine_tag_count,good service,Dine-in,hygiene,delivery,good food,Ambiance,Value For Money,packaging,healthy,review_tags_count,cluster_description,clusters
Pizza Hut,"17 & 18, Corner Market, Malviya Nagar, New Delhi",918929647587,3.7,800,None,South Delhi,1.0,1.0,1.0,1.0,1.0,0.0,0.0,0.0,0.0,0.0,0.0,0.0,0.0,0.0,0.0,0.0,0.0,0.0,0.0,0.0,0.0,0.0,0.0,0.0,0.0,0.0,0.0,0.0,0.0,0.0,0.0,0.0,0.0,0.0,0.0,0.0,0.0,0.0,0.0,0.0,6.0,1.0,0.0,0.0,1.0,1.0,1.0,1.0,0.0,0.0,5.0,Low Rating and High Cost,2
RollsKing,"Shop 2, 10/127, Malviya Nagar, New Delhi",919560101636,3.9,300,None,South Delhi,0.0,1.0,0.0,1.0,0.0,1.0,1.0,0.0,0.0,0.0,0.0,0.0,0.0,0.0,0.0,0.0,0.0,0.0,0.0,0.0,0.0,0.0,0.0,0.0,0.0,0.0,0.0,0.0,0.0,0.0,0.0,0.0,0.0,0.0,0.0,0.0,0.0,0.0,0.0,0.0,5.0,1.0,1.0,0.0,1.0,1.0,0.0,1.0,0.0,0.0,5.0,Low Rating and Medium Cost,5
Punjabi Angithi,"84, Ground Floor, Left Corner, Behind Hero Showroom, Shri Aurbindo Marg, Adchini, New Delhi",911149952492,4.0,200,Chilly Momo|Veg Noodles|Dal|Momos|,South Delhi,0.0,0.0,1.0,0.0,0.0,1.0,1.0,1.0,1.0,1.0,0.0,0.0,0.0,0.0,0.0,0.0,0.0,0.0,0.0,0.0,0.0,0.0,0.0,0.0,0.0,0.0,0.0,0.0,0.0,0.0,0.0,0.0,0.0,0.0,0.0,0.0,0.0,0.0,0.0,0.0,7.0,1.0,0.0,0.0,1.0,1.0,0.0,1.0,1.0,0.0,5.0,Low Rating and Low Cost,3
Chicago Pizza,"8-A, Hauz Khas Village, New Delhi",919540937301,3.7,700,Paneer Delight Pizza|Chicago Pizza|Pizzas|Drink|,South Delhi,1.0,1.0,0.0,0.0,0.0,0.0,0.0,0.0,0.0,0.0,0.0,0.0,0.0,0.0,0.0,0.0,0.0,0.0,0.0,0.0,0.0,0.0,0.0,0.0,0.0,0.0,0.0,0.0,0.0,0.0,0.0,0.0,0.0,0.0,0.0,0.0,0.0,0.0,0.0,0.0,3.0,1.0,1.0,0.0,1.0,0.0,1.0,0.0,1.0,0.0,5.0,Low Rating and High Cost,2
BOX8 - Desi Meals,"F5, Ground Floor, Gautam Nagar, Gulmohar Park Road, Hauz Khas, New Delhi",918068172526,4.3,250,None,South Delhi,0.0,0.0,0.0,0.0,1.0,0.0,1.0,0.0,0.0,0.0,1.0,0.0,0.0,0.0,0.0,0.0,0.0,0.0,0.0,0.0,0.0,0.0,0.0,0.0,0.0,0.0,0.0,0.0,0.0,0.0,0.0,0.0,0.0,0.0,0.0,0.0,0.0,0.0,0.0,0.0,4.0,0.0,0.0,0.0,0.0,1.0,0.0,0.0,0.0,0.0,1.0,High Rating and Low Cost,1
Masala Kitchen,"92-G/1, Partap Market, Munirka, New Delhi",911126108509,3.8,350,Aloo Jeera|Deluxe Thali|Chole|Malai Chaap|Raita|Rice|,South Delhi,0.0,0.0,0.0,0.0,0.0,0.0,1.0,0.0,0.0,0.0,0.0,1.0,0.0,0.0,0.0,0.0,0.0,0.0,0.0,0.0,0.0,0.0,0.0,0.0,0.0,0.0,0.0,0.0,0.0,0.0,0.0,0.0,0.0,0.0,0.0,0.0,0.0,0.0,0.0,0.0,3.0,1.0,1.0,0.0,1.0,0.0,0.0,1.0,0.0,0.0,4.0,Low Rating and Medium Cost,5
Bikanervala,"Satya Marg, Yashwant Place Commercial Complex, Chanakyapuri, New Delhi",911124100219,4.2,500,Deluxe Thali|Kachori|Samosa|Sweets|Chole Bhature|Snacks|,South Delhi,0.0,1.0,0.0,1.0,1.0,0.0,1.0,1.0,0.0,1.0,0.0,0.0,1.0,0.0,0.0,0.0,0.0,0.0,0.0,0.0,0.0,0.0,0.0,0.0,0.0,0.0,0.0,0.0,0.0,0.0,0.0,0.0,0.0,0.0,0.0,0.0,0.0,0.0,0.0,0.0,8.0,0.0,0.0,0.0,1.0,1.0,0.0,0.0,0.0,0.0,2.0,High Rating and Medium Cost,0
Domino's Pizza,"S-27, Ground Floor, Main Market, Green Park, New Delhi",911141033574,3.8,400,None,South Delhi,1.0,1.0,0.0,0.0,0.0,0.0,0.0,0.0,0.0,0.0,0.0,0.0,0.0,0.0,0.0,0.0,0.0,0.0,0.0,0.0,0.0,0.0,0.0,0.0,0.0,0.0,0.0,0.0,0.0,0.0,0.0,0.0,0.0,0.0,0.0,0.0,0.0,0.0,0.0,0.0,3.0,1.0,1.0,0.0,1.0,1.0,0.0,1.0,0.0,0.0,5.0,Low Rating and Medium Cost,5
Faasos - Wraps & Rolls,"Shop G-1B, K84, Ashirwad Complex, Green Park, New Delhi",917700020020,4.2,200,Chicken Wrap|Wraps|Rolls|Biryani|,South Delhi,0.0,1.0,0.0,0.0,0.0,1.0,0.0,0.0,0.0,0.0,0.0,0.0,0.0,1.0,0.0,0.0,0.0,0.0,0.0,0.0,0.0,0.0,0.0,0.0,0.0,0.0,0.0,0.0,0.0,0.0,0.0,0.0,0.0,0.0,0.0,0.0,0.0,0.0,0.0,0.0,4.0,0.0,0.0,0.0,0.0,1.0,0.0,1.0,0.0,0.0,2.0,High Rating and Low Cost,1
Kwality Walls Frozen Dessert and Ice Cream Shop,"House 88, Ground Floor R/S Humayunpur, Safdarjung, New Delhi",917982630466,4.3,100,None,South Delhi,0.0,0.0,0.0,0.0,0.0,0.0,0.0,0.0,0.0,0.0,0.0,0.0,0.0,0.0,0.0,0.0,0.0,0.0,0.0,0.0,0.0,0.0,0.0,0.0,0.0,0.0,0.0,0.0,0.0,0.0,0.0,0.0,0.0,0.0,0.0,0.0,0.0,0.0,0.0,0.0,1.0,0.0,0.0,0.0,0.0,0.0,0.0,0.0,0.0,0.0,0.0,High Rating and Low Cost,1
Burger King,"Shop 102, First Floor, DLF South Square, Sarojini Nagar, New Delhi",919899391814,4.1,400,Italian Fries|Fried Cheese|Ice Cream Sundae|Burgers|,South Delhi,0.0,1.0,0.0,0.0,0.0,0.0,0.0,0.0,0.0,1.0,0.0,0.0,0.0,0.0,1.0,0.0,0.0,0.0,0.0,0.0,0.0,0.0,0.0,0.0,0.0,0.0,0.0,0.0,0.0,0.0,0.0,0.0,0.0,0.0,0.0,0.0,0.0,0.0,0.0,0.0,4.0,1.0,0.0,0.0,1.0,0.0,0.0,0.0,0.0,0.0,2.0,High Rating and Medium Cost,0
Bakingo,"141 B, Ground Floor, Shahpur Jat, New Delhi",919599450038,4.1,350,Butterscotch Pastry|Chocolate Truffle|Pastries|Red Velvet Cake|Cakes|,South Delhi,0.0,0.0,0.0,0.0,1.0,0.0,0.0,0.0,0.0,0.0,0.0,0.0,0.0,0.0,0.0,1.0,0.0,0.0,0.0,0.0,0.0,0.0,0.0,0.0,0.0,0.0,0.0,0.0,0.0,0.0,0.0,0.0,0.0,0.0,0.0,0.0,0.0,0.0,0.0,0.0,3.0,1.0,0.0,0.0,1.0,1.0,0.0,1.0,1.0,0.0,5.0,High Rating and Medium Cost,0
Chaayos Chai+Snacks=Relax,"Shop 1, S 23, Ground Floor, Main Market, Green Park, New Delhi",919599598307,4.0,300,Bun Bhujia|Cheese Chilli Toast|Poha|Pav Bhaji|,South Delhi,0.0,1.0,0.0,1.0,0.0,0.0,0.0,0.0,0.0,1.0,0.0,0.0,0.0,0.0,0.0,0.0,1.0,1.0,0.0,0.0,0.0,0.0,0.0,0.0,0.0,0.0,0.0,0.0,0.0,0.0,0.0,0.0,0.0,0.0,0.0,0.0,0.0,0.0,0.0,0.0,6.0,1.0,1.0,0.0,1.0,1.0,0.0,0.0,0.0,0.0,4.0,Low Rating and Medium Cost,5
Nazeer Foods,"C-5, Ground Floor, Main Market, Malviya Nagar, New Delhi",919891747171,3.9,600,Chicken Taka Tak Roll|Mutton Nahari|Firni|Afghan Chicken|Khameeri Roti|Chicken Spring Roll|,South Delhi,0.0,1.0,0.0,1.0,1.0,0.0,1.0,0.0,0.0,0.0,1.0,0.0,0.0,0.0,0.0,0.0,0.0,0.0,1.0,0.0,0.0,0.0,0.0,0.0,0.0,0.0,0.0,0.0,0.0,0.0,0.0,0.0,0.0,0.0,0.0,0.0,0.0,0.0,0.0,0.0,7.0,1.0,1.0,0.0,1.0,1.0,0.0,1.0,0.0,0.0,5.0,High Rating and High Cost,4
Burger Singh - Big Punjabi Burgers,"Building 288, Ground Floor, Satya Niketan, Moti Bagh, New Delhi",919891055376,4.2,150,None,South Delhi,0.0,1.0,0.0,1.0,1.0,0.0,0.0,0.0,1.0,0.0,0.0,0.0,0.0,0.0,1.0,0.0,0.0,0.0,0.0,0.0,0.0,0.0,0.0,0.0,0.0,0.0,0.0,0.0,0.0,0.0,0.0,0.0,0.0,0.0,0.0,0.0,0.0,0.0,0.0,0.0,6.0,0.0,0.0,0.0,0.0,0.0,0.0,0.0,0.0,0.0,0.0,High Rating and Low Cost,1
The Betel Leaf Co - Originally from Bangalore,"129 A, Near Purana Shiv Mandir, Shahpur Jat, New Delhi",916366681111,4.0,200,None,South Delhi,0.0,0.0,0.0,0.0,0.0,0.0,0.0,0.0,0.0,0.0,0.0,0.0,0.0,0.0,0.0,0.0,0.0,0.0,0.0,0.0,0.0,0.0,0.0,0.0,0.0,0.0,0.0,0.0,0.0,0.0,0.0,0.0,0.0,0.0,0.0,0.0,0.0,0.0,0.0,0.0,1.0,0.0,0.0,0.0,0.0,0.0,0.0,0.0,0.0,0.0,0.0,Low Rating and Low Cost,3
Biryani Blues,"Building 2, Ground Floor, Corner Market, Maharishi Dayanand Marg, Malviya Nagar, New Delhi",918010801000,4.1,400,Chocolate Cup|Masala Paneer|Chicken Tenders|Authentic Hyderabadi Biryani|Mirchi Ka Salan|Paneer Biryani|,South Delhi,0.0,0.0,0.0,0.0,1.0,0.0,0.0,0.0,0.0,0.0,1.0,0.0,0.0,0.0,0.0,0.0,0.0,0.0,0.0,1.0,0.0,0.0,0.0,0.0,0.0,0.0,0.0,0.0,0.0,0.0,0.0,0.0,0.0,0.0,0.0,0.0,0.0,0.0,0.0,0.0,4.0,1.0,0.0,0.0,1.0,0.0,1.0,0.0,0.0,0.0,3.0,High Rating and Medium Cost,0
KFC,"Shop DSS 24, 25, 26, 27, 28, 29, Ground Floor, DLF South Square, Sarojini Nagar, New Delhi",918042754444,3.9,400,None,South Delhi,0.0,1.0,0.0,0.0,0.0,0.0,0.0,0.0,0.0,0.0,0.0,0.0,0.0,0.0,1.0,0.0,0.0,0.0,0.0,0.0,0.0,0.0,0.0,0.0,0.0,0.0,0.0,0.0,0.0,0.0,0.0,0.0,0.0,0.0,0.0,0.0,0.0,0.0,0.0,0.0,3.0,0.0,0.0,0.0,1.0,0.0,0.0,0.0,0.0,0.0,1.0,Low Rating and Medium Cost,5
Biryani By Kilo,"250, Shahpur Jat, New Delhi",919212199888,4.2,450,Mutka Phirni|Mirch Ka Saalan|Veg Galouti Kebab|Hyderabadi Chicken|Hyderabadi Veg Biryani|Kolkata Chicken Biryani|,South Delhi,0.0,0.0,0.0,0.0,1.0,0.0,1.0,0.0,0.0,0.0,1.0,0.0,0.0,0.0,0.0,0.0,0.0,0.0,1.0,1.0,1.0,0.0,0.0,0.0,0.0,0.0,0.0,0.0,0.0,0.0,0.0,0.0,0.0,0.0,0.0,0.0,0.0,0.0,0.0,0.0,7.0,0.0,0.0,0.0,1.0,1.0,0.0,0.0,1.0,0.0,3.0,High Rating and Medium Cost,0
Subway,"C 8, SDA Market, Opposite IIT Main Gate, SDA, New Delhi",911146232200,3.8,400,Customizable submarine sandwiches and salads|,South Delhi,0.0,1.0,0.0,1.0,0.0,0.0,0.0,0.0,0.0,0.0,0.0,0.0,0.0,1.0,0.0,0.0,0.0,1.0,0.0,0.0,0.0,1.0,1.0,0.0,0.0,0.0,0.0,0.0,0.0,0.0,0.0,0.0,0.0,0.0,0.0,0.0,0.0,0.0,0.0,0.0,7.0,1.0,1.0,0.0,1.0,1.0,0.0,1.0,1.0,1.0,6.0,Low Rating and Medium Cost,5
McDonald's,"109 & 110, Ground & 1st Floor, DLF South Square, Sarojini Nagar, New Delhi",917838006400,4.2,0,Classic Burgers and Fries|,South Delhi,0.0,1.0,0.0,1.0,0.0,0.0,0.0,0.0,0.0,0.0,0.0,0.0,0.0,0.0,1.0,0.0,0.0,0.0,0.0,0.0,0.0,0.0,0.0,1.0,0.0,0.0,0.0,0.0,0.0,0.0,0.0,0.0,0.0,0.0,0.0,0.0,0.0,0.0,0.0,0.0,5.0,1.0,1.0,0.0,1.0,0.0,1.0,1.0,0.0,0.0,5.0,High Rating and Low Cost,1
Behrouz Biryani,"Green Park, New Delhi",917700050050,4.2,500,Mint Raita|Briyani|Gulab Jamun|Dessert|,South Delhi,0.0,0.0,0.0,0.0,0.0,0.0,0.0,0.0,0.0,0.0,1.0,0.0,0.0,0.0,0.0,0.0,0.0,0.0,0.0,1.0,1.0,0.0,0.0,0.0,1.0,0.0,0.0,0.0,0.0,0.0,0.0,0.0,0.0,0.0,0.0,0.0,0.0,0.0,0.0,0.0,5.0,0.0,0.0,0.0,0.0,1.0,0.0,0.0,1.0,0.0,2.0,High Rating and Medium Cost,0
Saturn Express,"77 B, Humayunpur, Safdarjung, New Delhi",911126715111,4.1,200,Chicken Tandoori Sandwich|Panneer Butter Masala|Butter Roti|Dal Makhani|Butter Naan|Butter Chicken|,South Delhi,0.0,1.0,0.0,0.0,0.0,0.0,1.0,1.0,0.0,1.0,1.0,0.0,0.0,0.0,0.0,0.0,0.0,0.0,1.0,0.0,0.0,0.0,0.0,0.0,0.0,1.0,0.0,0.0,0.0,0.0,0.0,0.0,0.0,0.0,0.0,0.0,0.0,0.0,0.0,0.0,8.0,0.0,0.0,0.0,1.0,1.0,0.0,1.0,0.0,0.0,3.0,High Rating and Low Cost,1
Haldiram's,"R-11, Plot 11, Block-R, Uphaar Complex, Main Market, Green Park, New Delhi",918376846772,4.1,450,None,South Delhi,0.0,0.0,0.0,1.0,1.0,0.0,1.0,1.0,0.0,1.0,0.0,1.0,0.0,0.0,0.0,0.0,0.0,0.0,0.0,0.0,0.0,0.0,0.0,0.0,0.0,0.0,1.0,0.0,0.0,0.0,0.0,0.0,0.0,0.0,0.0,0.0,0.0,0.0,0.0,0.0,8.0,1.0,1.0,0.0,1.0,1.0,0.0,0.0,1.0,0.0,5.0,High Rating and Medium Cost,0
Wendy's,"AB-9A, 2nd Floor, Safdarjung Enclave Market, Hauz Khaz, Safdarjung, New Delhi",919152987612,4.0,200,None,South Delhi,0.0,1.0,0.0,1.0,0.0,0.0,0.0,0.0,0.0,0.0,0.0,0.0,0.0,0.0,1.0,0.0,0.0,0.0,0.0,0.0,0.0,0.0,0.0,0.0,0.0,0.0,0.0,1.0,0.0,0.0,0.0,0.0,0.0,0.0,0.0,0.0,0.0,0.0,0.0,0.0,5.0,0.0,0.0,0.0,0.0,0.0,0.0,0.0,0.0,0.0,0.0,Low Rating and Low Cost,3
Theobroma,"Shop 2, C 11, Ground Floor, Mezzanine Floor, Safdurjung Development Area, Community Centre, SDA, New Delhi",918182881881,4.4,300,Millionaire Brownie|Opium Pastry|Cookie Brownie|Hazelnut Mousse|Chocolate Walnut|Walnut Brownie|,South Delhi,0.0,0.0,0.0,0.0,1.0,0.0,0.0,0.0,0.0,0.0,0.0,0.0,0.0,0.0,0.0,1.0,0.0,0.0,0.0,0.0,0.0,0.0,0.0,0.0,0.0,0.0,0.0,0.0,0.0,0.0,0.0,0.0,0.0,0.0,0.0,0.0,0.0,0.0,0.0,0.0,3.0,1.0,1.0,0.0,1.0,0.0,1.0,1.0,0.0,0.0,5.0,High Rating and Medium Cost,0
WOW! Momo,"8-A, Hauz Khas Village, New Delhi",919147116042,4.1,400,Momos Augratin|Chocolate Momo|Momo Burger|Schezwan Chicken|Sizzlers|Veg Momos|,South Delhi,0.0,1.0,0.0,0.0,0.0,0.0,0.0,0.0,1.0,0.0,0.0,0.0,0.0,0.0,0.0,0.0,0.0,0.0,0.0,0.0,0.0,0.0,0.0,0.0,0.0,0.0,0.0,0.0,1.0,0.0,0.0,0.0,0.0,0.0,0.0,0.0,0.0,0.0,0.0,0.0,4.0,0.0,0.0,0.0,1.0,0.0,0.0,0.0,0.0,0.0,1.0,High Rating and Medium Cost,0
Jhakkas Bombay Pav Bhaji,"E-20, Shree Krishna Mandir, Central Market, Lajpat Nagar 1, New Delhi",919818181829,4.0,200,None,South Delhi,1.0,0.0,0.0,1.0,0.0,0.0,1.0,0.0,0.0,1.0,0.0,0.0,0.0,0.0,0.0,0.0,0.0,1.0,0.0,0.0,0.0,0.0,0.0,0.0,0.0,0.0,0.0,0.0,0.0,1.0,0.0,0.0,0.0,0.0,0.0,0.0,0.0,0.0,0.0,0.0,7.0,0.0,0.0,0.0,1.0,1.0,1.0,0.0,0.0,0.0,3.0,Low Rating and Low Cost,3
Bikkgane Biryani,"252, 2nd Floor, Shahpur Jat, New Delhi",911140192919,3.9,0,Extensive range of Hyderabadi biryanis and array of tikkas|kebabs|and curries to choose from|,South Delhi,0.0,0.0,0.0,0.0,0.0,0.0,1.0,0.0,0.0,0.0,1.0,0.0,0.0,0.0,0.0,0.0,0.0,0.0,1.0,0.0,1.0,0.0,0.0,0.0,0.0,0.0,0.0,0.0,0.0,0.0,1.0,0.0,0.0,0.0,0.0,0.0,0.0,0.0,0.0,0.0,6.0,1.0,0.0,0.0,1.0,0.0,0.0,0.0,0.0,0.0,2.0,Low Rating and Low Cost,3
La Pino'z Pizza,"HPCL Evergreen Service, Station Mehrauli Road, Green Park, New Delhi",919319029187,3.9,200,None,South Delhi,0.0,0.0,0.0,0.0,0.0,0.0,0.0,0.0,0.0,0.0,0.0,0.0,0.0,0.0,0.0,0.0,0.0,0.0,0.0,0.0,0.0,0.0,0.0,0.0,0.0,0.0,0.0,0.0,0.0,0.0,0.0,0.0,0.0,0.0,0.0,0.0,0.0,0.0,0.0,0.0,1.0,0.0,0.0,0.0,0.0,0.0,0.0,0.0,0.0,0.0,0.0,Low Rating and Low Cost,3
RP's Rice Bowlz,"50 D, Savitri Nagar, Main Road, Malviya Nagar, New Delhi",919654848584,3.9,200,Standard Thali|Deluxe Veg Thali|Paneer Parantha|Chicken Tikka Masala|Rice Bowl|Rajma|,South Delhi,0.0,1.0,0.0,0.0,0.0,0.0,1.0,1.0,0.0,0.0,0.0,1.0,0.0,0.0,0.0,0.0,0.0,0.0,1.0,0.0,0.0,0.0,0.0,0.0,0.0,0.0,0.0,0.0,0.0,0.0,0.0,0.0,0.0,0.0,0.0,0.0,0.0,0.0,0.0,0.0,6.0,0.0,0.0,0.0,0.0,1.0,0.0,1.0,1.0,0.0,3.0,Low Rating and Low Cost,3
Sagar Ratna,"Ground Floor, DLF South Square, Sarojini Nagar, New Delhi",919971481424,4.0,600,None,South Delhi,0.0,0.0,0.0,1.0,1.0,0.0,1.0,0.0,0.0,0.0,0.0,1.0,0.0,0.0,0.0,0.0,0.0,0.0,0.0,0.0,0.0,0.0,0.0,0.0,0.0,0.0,0.0,0.0,0.0,0.0,0.0,0.0,0.0,0.0,0.0,0.0,0.0,0.0,0.0,0.0,5.0,1.0,1.0,0.0,1.0,0.0,1.0,0.0,0.0,0.0,4.0,High Rating and High Cost,4
The Burger Club,"1st Floor, DLF South Square, Sarojini Nagar, New Delhi",919560349272,3.9,700,Club Burger|Spicy Chicken|French Fries|Chicken Burger|Cheesy Fries|Burgers|,South Delhi,0.0,1.0,0.0,1.0,0.0,0.0,0.0,0.0,0.0,0.0,0.0,0.0,0.0,0.0,1.0,0.0,0.0,0.0,0.0,0.0,0.0,0.0,0.0,1.0,0.0,0.0,0.0,0.0,0.0,0.0,0.0,1.0,0.0,0.0,0.0,0.0,0.0,0.0,0.0,0.0,6.0,1.0,0.0,0.0,1.0,0.0,0.0,0.0,0.0,0.0,2.0,High Rating and High Cost,4
Burger Singh - Big Punjabi Burgers,"194, Pocket D-14, TF Block, Sector 7, Rohini, New Delhi",918767121212,4.0,150,None,North Delhi,0.0,1.0,0.0,1.0,1.0,0.0,0.0,0.0,0.0,0.0,0.0,0.0,0.0,0.0,1.0,0.0,0.0,0.0,0.0,0.0,0.0,0.0,0.0,0.0,0.0,0.0,0.0,1.0,0.0,0.0,0.0,0.0,0.0,0.0,0.0,0.0,0.0,0.0,0.0,0.0,6.0,0.0,0.0,0.0,0.0,1.0,0.0,0.0,1.0,0.0,2.0,Low Rating and Low Cost,3
McDonald's,"Shop GA-1 & GA- 3, Ground Floor, Metro Walk Mall, Sector 10, Rohini, New Delhi",919899974396,4.1,400,None,North Delhi,0.0,1.0,0.0,1.0,0.0,0.0,0.0,0.0,0.0,0.0,0.0,0.0,0.0,0.0,1.0,0.0,0.0,0.0,0.0,0.0,0.0,0.0,0.0,1.0,0.0,0.0,0.0,0.0,0.0,0.0,0.0,0.0,0.0,0.0,0.0,0.0,0.0,0.0,0.0,0.0,5.0,0.0,0.0,0.0,1.0,0.0,0.0,0.0,0.0,0.0,1.0,High Rating and Medium Cost,0
BTW,"1, Garg Trade Center, Sector 11, Rohini, New Delhi",911142331777,3.9,400,Badam Milkshake|Matar Kulcha|Pao Bhaji|Chole|Platter|Snacks|,North Delhi,0.0,0.0,0.0,0.0,0.0,0.0,1.0,1.0,0.0,0.0,0.0,1.0,1.0,0.0,0.0,0.0,0.0,0.0,0.0,0.0,0.0,0.0,0.0,0.0,0.0,0.0,0.0,0.0,0.0,0.0,0.0,0.0,0.0,0.0,0.0,0.0,0.0,0.0,0.0,0.0,5.0,1.0,0.0,1.0,1.0,1.0,0.0,0.0,0.0,0.0,4.0,Low Rating and Medium Cost,5
Berco's - If You Love Chinese,"GA-06, Metro Walk Mall, Rohini, New Delhi",919311777663,4.0,900,Butter Pepper Garlic Noodles|Crispy Prawns|Panfried Noodles|Barbeque Chicken|Crispy Chilli Potatoes|Singapori Noodles|,North Delhi,0.0,0.0,0.0,0.0,0.0,0.0,0.0,1.0,1.0,0.0,0.0,0.0,0.0,0.0,0.0,0.0,0.0,0.0,0.0,0.0,0.0,0.0,0.0,0.0,0.0,0.0,0.0,0.0,0.0,0.0,0.0,0.0,1.0,0.0,0.0,0.0,0.0,0.0,0.0,0.0,4.0,1.0,0.0,0.0,1.0,1.0,1.0,0.0,0.0,0.0,4.0,High Rating and High Cost,4
Billu's Hut,"G 28, Aggarwal Millenium Tower, Netaji Subhash Place, New Delhi",919773921114,3.9,200,Roadside Pasta|Mozzarella Sandwich|Maggie Pasta|Schezwan Pasta|White Sauce Cheese Pasta|Belgian Shake|,North Delhi,1.0,1.0,1.0,1.0,0.0,0.0,1.0,1.0,0.0,0.0,0.0,0.0,0.0,0.0,0.0,0.0,0.0,1.0,0.0,0.0,0.0,0.0,0.0,0.0,0.0,0.0,0.0,0.0,0.0,0.0,0.0,0.0,0.0,1.0,0.0,0.0,0.0,0.0,0.0,0.0,9.0,1.0,0.0,0.0,0.0,0.0,0.0,1.0,0.0,0.0,2.0,Low Rating and Low Cost,3
Wah Ji Wah,"Shop 142, Pocket 26, Sector 24, Opposite Canara Bank, Rohini, New Delhi",919205200205,3.8,400,None,North Delhi,0.0,0.0,0.0,0.0,0.0,1.0,1.0,1.0,0.0,0.0,0.0,0.0,0.0,0.0,0.0,0.0,0.0,0.0,0.0,1.0,0.0,0.0,0.0,0.0,0.0,0.0,0.0,0.0,0.0,0.0,0.0,0.0,0.0,0.0,0.0,0.0,0.0,0.0,0.0,0.0,5.0,1.0,1.0,0.0,1.0,1.0,0.0,1.0,0.0,0.0,5.0,Low Rating and Medium Cost,5
Wah Bhai Wah 2 The Vaishno Rasoi,"Flat 781, Ground Floor, Block B, Sector 1, Near Asha Kirana, Rohini, New Delhi",919625114714,3.5,100,None,North Delhi,0.0,0.0,0.0,0.0,0.0,0.0,0.0,0.0,0.0,0.0,0.0,0.0,0.0,0.0,0.0,0.0,0.0,0.0,0.0,0.0,0.0,0.0,0.0,0.0,0.0,0.0,0.0,0.0,0.0,0.0,0.0,0.0,0.0,0.0,0.0,0.0,0.0,0.0,0.0,0.0,1.0,0.0,0.0,0.0,0.0,0.0,0.0,0.0,0.0,0.0,0.0,Low Rating and Low Cost,3
The Burger Club,"Property 4, Block-C, Pocket 9, Near Metro Pillar 396, Sector-7, Rohini, New Delhi",911143012735,4.2,700,Loaded Pizzas|Choco Lava|Onion Rings|Burgers|Tea|Mojito|,North Delhi,0.0,1.0,0.0,1.0,0.0,0.0,0.0,0.0,0.0,0.0,0.0,0.0,0.0,0.0,1.0,0.0,0.0,0.0,0.0,0.0,0.0,0.0,0.0,1.0,0.0,0.0,0.0,0.0,0.0,0.0,0.0,1.0,0.0,0.0,0.0,0.0,0.0,0.0,0.0,0.0,6.0,1.0,1.0,0.0,1.0,0.0,1.0,0.0,0.0,0.0,4.0,High Rating and High Cost,4
Pizza Galleria,"54-A, KH 262/258/217/4, Ground Floor, Near Garhwal Bakers, Block A, Adarsh Nagar, Rajan Babu Road, Shalimar Bagh, New Delhi",919718197999,3.9,400,Italian Pizza|White Pasta|Cheese Burst|Choco Lava|Cheesecake|,North Delhi,1.0,1.0,0.0,1.0,0.0,0.0,0.0,0.0,0.0,0.0,0.0,0.0,0.0,0.0,0.0,0.0,0.0,0.0,0.0,0.0,0.0,0.0,0.0,0.0,0.0,0.0,0.0,0.0,0.0,0.0,0.0,0.0,0.0,0.0,0.0,0.0,0.0,0.0,0.0,0.0,4.0,0.0,0.0,0.0,1.0,0.0,0.0,0.0,0.0,0.0,1.0,Low Rating and Medium Cost,5
Madras Cafe,"I-1/29, Sector 16, Rohini, New Delhi",919873428969,3.9,300,None,North Delhi,0.0,0.0,0.0,0.0,0.0,0.0,0.0,1.0,0.0,0.0,0.0,1.0,0.0,0.0,0.0,0.0,0.0,0.0,0.0,0.0,0.0,0.0,0.0,0.0,0.0,0.0,0.0,0.0,0.0,0.0,0.0,0.0,0.0,0.0,0.0,0.0,0.0,0.0,0.0,0.0,3.0,0.0,0.0,0.0,1.0,0.0,1.0,0.0,0.0,0.0,2.0,Low Rating and Medium Cost,5
Shree Gopal Ji Chole Bhature,"Flat 148, Pocket 7, Sector 2, Rohini, New Delhi",919891065064,4.4,100,Paneer Bhatura|Chole Rice|Cholle Bhature|Raita|Salad|Chutney|,North Delhi,0.0,0.0,0.0,0.0,0.0,0.0,1.0,0.0,0.0,0.0,0.0,0.0,0.0,0.0,0.0,0.0,0.0,0.0,0.0,0.0,0.0,0.0,0.0,0.0,0.0,0.0,0.0,0.0,0.0,0.0,0.0,0.0,0.0,0.0,0.0,0.0,0.0,0.0,0.0,0.0,2.0,1.0,0.0,0.0,0.0,1.0,0.0,0.0,1.0,0.0,3.0,High Rating and Low Cost,1
Faasos - Wraps & Rolls,"Plot 10, Ground Floor, Sahabad Extension, Opposite Dtu Gate 1, Sector 17, Rohini, New Delhi",917700020020,4.1,200,None,North Delhi,0.0,1.0,0.0,0.0,0.0,1.0,0.0,0.0,0.0,0.0,0.0,0.0,0.0,1.0,0.0,0.0,0.0,0.0,0.0,0.0,0.0,0.0,0.0,0.0,0.0,0.0,0.0,0.0,0.0,0.0,0.0,0.0,0.0,0.0,0.0,0.0,0.0,0.0,0.0,0.0,4.0,0.0,0.0,0.0,0.0,0.0,0.0,0.0,0.0,0.0,0.0,High Rating and Low Cost,1
Hira Sweets,"Janakpuri East Metro Station, Janakpuri, New Delhi",918377992965,4.1,500,Crunchy Roll|Puri Sabzi|South Indian Platter|Dhokla|Rasmalai|Rasgulla|,North Delhi,0.0,0.0,0.0,0.0,0.0,0.0,1.0,1.0,0.0,1.0,0.0,1.0,1.0,0.0,0.0,0.0,0.0,0.0,0.0,0.0,0.0,0.0,0.0,0.0,0.0,0.0,0.0,0.0,0.0,0.0,0.0,0.0,0.0,0.0,0.0,0.0,0.0,0.0,0.0,0.0,6.0,0.0,0.0,0.0,1.0,0.0,0.0,1.0,0.0,0.0,2.0,High Rating and Medium Cost,0
La Pino'z Pizza,"Shop 9, Smart Complex, DC Chowk, Sector 9, Rohini, New Delhi",917428799700,3.9,500,None,North Delhi,1.0,1.0,1.0,1.0,1.0,0.0,0.0,0.0,0.0,0.0,0.0,0.0,0.0,0.0,0.0,0.0,0.0,0.0,0.0,0.0,0.0,0.0,0.0,0.0,0.0,0.0,0.0,0.0,0.0,0.0,0.0,0.0,0.0,0.0,1.0,0.0,0.0,0.0,0.0,0.0,7.0,0.0,0.0,0.0,1.0,1.0,0.0,0.0,0.0,0.0,2.0,Low Rating and Medium Cost,5
Jhakkas Bombay Pav Bhaji,"Central Market, Punjabi Bagh, New Delhi",919999646459,4.0,150,Tawa Pulav|Cheese Vada Pav|Bombay Sandwich|Vada Pao|Pao Bhaji|,North Delhi,1.0,0.0,0.0,1.0,0.0,0.0,1.0,0.0,0.0,1.0,0.0,0.0,0.0,0.0,0.0,0.0,0.0,1.0,0.0,0.0,0.0,0.0,0.0,0.0,0.0,0.0,0.0,0.0,0.0,1.0,0.0,0.0,0.0,0.0,0.0,0.0,0.0,0.0,0.0,0.0,7.0,1.0,0.0,0.0,0.0,1.0,0.0,1.0,0.0,0.0,3.0,Low Rating and Low Cost,3
Behrouz Biryani,"Plot 10, Ground Floor, Sahabad Extension, Opposite Dtu Gate 1, Sector 17, Rohini, New Delhi",917700050050,4.2,500,Paneer Subz Biryani|Briyani|Raita|Gulab Jamun|Brownie|Chicken|,North Delhi,0.0,0.0,0.0,0.0,0.0,0.0,0.0,0.0,0.0,0.0,1.0,0.0,0.0,0.0,0.0,0.0,0.0,0.0,0.0,1.0,1.0,0.0,0.0,0.0,1.0,0.0,0.0,0.0,0.0,0.0,0.0,0.0,0.0,0.0,0.0,0.0,0.0,0.0,0.0,0.0,5.0,0.0,0.0,0.0,0.0,1.0,0.0,1.0,1.0,0.0,3.0,High Rating and Medium Cost,0
KFC,"17, Unity One Mall, MLCP Plot, Near Rohini Unity Mall, Rohini, New Delhi",918042754444,4.2,400,Strawberry Storm|Ginger Chicken|Popcorn Chicken|French Fries|,North Delhi,0.0,1.0,0.0,0.0,0.0,0.0,0.0,0.0,0.0,0.0,0.0,0.0,0.0,0.0,1.0,0.0,0.0,0.0,0.0,0.0,0.0,0.0,0.0,0.0,0.0,0.0,0.0,0.0,0.0,0.0,0.0,0.0,0.0,0.0,0.0,0.0,0.0,0.0,0.0,0.0,3.0,0.0,0.0,0.0,1.0,0.0,0.0,1.0,0.0,0.0,2.0,High Rating and Medium Cost,0
Biryani Blues,"2-3 Floor, C-8, Sector 7, Prashant Vihar, New Delhi",918010801000,4.2,300,Grilled Chicken Steak|Paneer Biryani|Chutney|Chicken|,North Delhi,0.0,0.0,0.0,0.0,1.0,0.0,0.0,0.0,0.0,0.0,1.0,0.0,0.0,0.0,0.0,0.0,0.0,0.0,0.0,1.0,0.0,0.0,0.0,0.0,0.0,0.0,0.0,0.0,0.0,0.0,0.0,0.0,0.0,0.0,0.0,0.0,0.0,0.0,0.0,0.0,4.0,0.0,0.0,0.0,0.0,1.0,0.0,0.0,1.0,0.0,2.0,High Rating and Medium Cost,0
Apni Rasoi,"G-7/188, Dividing Road, Sector 16, Rohini, New Delhi",919871321388,3.7,250,None,North Delhi,0.0,1.0,0.0,0.0,0.0,0.0,1.0,1.0,0.0,0.0,0.0,0.0,0.0,0.0,0.0,0.0,0.0,0.0,0.0,0.0,0.0,0.0,0.0,0.0,0.0,0.0,0.0,0.0,0.0,0.0,0.0,0.0,0.0,0.0,0.0,0.0,0.0,0.0,0.0,0.0,4.0,1.0,1.0,0.0,0.0,1.0,0.0,0.0,0.0,0.0,3.0,Low Rating and Low Cost,3
ZAZA 22 Spice Biryani,"First Floor, C9/19, Sector 7, Rohini, New Delhi",918068172526,4.1,250,None,North Delhi,0.0,0.0,0.0,0.0,0.0,0.0,1.0,0.0,0.0,0.0,1.0,0.0,0.0,0.0,0.0,0.0,0.0,0.0,0.0,0.0,0.0,0.0,0.0,0.0,0.0,0.0,0.0,0.0,0.0,0.0,0.0,0.0,0.0,0.0,0.0,0.0,0.0,0.0,0.0,0.0,3.0,0.0,0.0,0.0,0.0,0.0,0.0,0.0,0.0,0.0,0.0,High Rating and Medium Cost,0
Haldiram's,"Ground Floor, D-Mall, Near Rohini West Metro Station, Sector 10, Rohini, New Delhi",911127934591,4.0,400,Vegetable Chowmein|Chole Bhatoorey|Peas Pulao|Rajkachori|Veg Sandwich|Pao Bhaji|,North Delhi,0.0,1.0,0.0,0.0,0.0,0.0,1.0,1.0,0.0,1.0,0.0,1.0,1.0,0.0,0.0,0.0,0.0,0.0,0.0,0.0,0.0,0.0,0.0,0.0,0.0,0.0,0.0,0.0,0.0,0.0,0.0,0.0,0.0,0.0,0.0,0.0,0.0,0.0,0.0,0.0,7.0,1.0,0.0,1.0,1.0,0.0,1.0,0.0,0.0,0.0,4.0,Low Rating and Medium Cost,5
Domino's Pizza,"Shop 13 & 14, Ground Floor, D Mall, Plot 1B5, Rohini, New Delhi",911141834344,4.1,400,None,North Delhi,1.0,1.0,0.0,0.0,0.0,0.0,0.0,0.0,0.0,0.0,0.0,0.0,0.0,0.0,0.0,0.0,0.0,0.0,0.0,0.0,0.0,0.0,0.0,0.0,0.0,0.0,0.0,0.0,0.0,0.0,0.0,0.0,0.0,0.0,0.0,0.0,0.0,0.0,0.0,0.0,3.0,0.0,0.0,0.0,1.0,0.0,0.0,0.0,0.0,0.0,1.0,High Rating and Medium Cost,0
Burger King,"Shop GD-01, Ground Floor, 05-D Block, Metro Walk, Sector 10, Rohini, New Delhi",918291082692,4.2,400,Cheese Whopper|Vanilla Softy|Chilly Cheese Burger|Cheesy Fries|Burgers|Shakes|,North Delhi,0.0,1.0,0.0,0.0,0.0,0.0,0.0,0.0,0.0,1.0,0.0,0.0,0.0,0.0,1.0,0.0,0.0,0.0,0.0,0.0,0.0,0.0,0.0,0.0,0.0,0.0,0.0,0.0,0.0,0.0,0.0,0.0,0.0,0.0,0.0,0.0,0.0,0.0,0.0,0.0,4.0,1.0,1.0,0.0,1.0,0.0,1.0,0.0,0.0,0.0,4.0,High Rating and Medium Cost,0
Sagar Ratna,"FD 2, Ground Floor, Near Metro Station, Pitampura, New Delhi",917428386412,4.0,600,Rava Onion Masala|Mixed Uttapam|Dahi Vada|Dosa|Chutneys|Coffee|,North Delhi,0.0,0.0,0.0,1.0,1.0,0.0,1.0,0.0,0.0,0.0,0.0,1.0,0.0,0.0,0.0,0.0,0.0,0.0,0.0,0.0,0.0,0.0,0.0,0.0,0.0,0.0,0.0,0.0,0.0,0.0,0.0,0.0,0.0,0.0,0.0,0.0,0.0,0.0,0.0,0.0,5.0,0.0,0.0,0.0,1.0,1.0,1.0,0.0,0.0,0.0,3.0,High Rating and High Cost,4
Punjabi Angithi,"Shop 31 & 32, DDA Market, Sector 16, Rohini, New Delhi",919315412343,4.0,500,Paneer Tikka Tandoori|Dum Aloo Kashmiri|Paneer Lababadar|Afghani Chaap Roll|Palak Kofta|Daal Makhini|,North Delhi,0.0,0.0,1.0,0.0,0.0,1.0,1.0,1.0,1.0,1.0,0.0,0.0,0.0,0.0,0.0,0.0,0.0,0.0,0.0,0.0,0.0,0.0,0.0,0.0,0.0,0.0,0.0,0.0,0.0,0.0,0.0,0.0,0.0,0.0,0.0,0.0,0.0,0.0,0.0,0.0,7.0,1.0,0.0,0.0,1.0,0.0,1.0,0.0,0.0,0.0,3.0,Low Rating and Medium Cost,5
Pizza Hut,"Shop F A-7 and 8, Unitech Metro Walk, Sector 10, Rohini, New Delhi",911147531893,3.5,800,None,North Delhi,1.0,1.0,1.0,1.0,1.0,0.0,0.0,0.0,0.0,0.0,0.0,0.0,0.0,0.0,0.0,0.0,0.0,0.0,0.0,0.0,0.0,0.0,0.0,0.0,0.0,0.0,0.0,0.0,0.0,0.0,0.0,0.0,0.0,0.0,0.0,0.0,0.0,0.0,0.0,0.0,6.0,1.0,1.0,0.0,1.0,1.0,0.0,0.0,0.0,0.0,4.0,Low Rating and High Cost,2
Wah Bhai Wah,"A 1/168 & 169, Sector 4, Rohini, New Delhi",917838353055,3.7,400,Paneer Tika|Chaap|Shahi Paneer|Dal|,North Delhi,0.0,1.0,0.0,0.0,0.0,0.0,1.0,0.0,1.0,0.0,0.0,0.0,0.0,0.0,0.0,0.0,0.0,0.0,0.0,0.0,0.0,0.0,0.0,0.0,0.0,0.0,0.0,0.0,0.0,0.0,0.0,0.0,0.0,0.0,0.0,0.0,0.0,0.0,0.0,0.0,4.0,1.0,0.0,1.0,1.0,1.0,0.0,1.0,0.0,0.0,5.0,Low Rating and Medium Cost,5
Kwality Wall�s Frozen Dessert and Ice Cream Shop,"House 42, Block G, Pocket-8, Rohini, New Delhi",918368027665,4.4,100,None,North Delhi,0.0,0.0,0.0,0.0,0.0,0.0,0.0,0.0,0.0,0.0,0.0,0.0,0.0,0.0,0.0,0.0,0.0,0.0,0.0,0.0,0.0,0.0,0.0,0.0,0.0,0.0,0.0,0.0,0.0,0.0,0.0,0.0,0.0,0.0,0.0,0.0,0.0,0.0,0.0,0.0,1.0,0.0,0.0,0.0,0.0,0.0,0.0,0.0,0.0,0.0,0.0,High Rating and Low Cost,1
RollsKing,"Shop G-53, Ground Floor, Aggarwal Metro Heights, PitamPura, Saraswati Vihar, Netaji Subhash Place, New Delhi",919310023423,4.0,200,None,North Delhi,0.0,1.0,0.0,0.0,0.0,1.0,1.0,0.0,0.0,0.0,0.0,0.0,0.0,0.0,0.0,0.0,0.0,0.0,0.0,0.0,0.0,0.0,0.0,0.0,0.0,0.0,0.0,0.0,0.0,0.0,0.0,0.0,0.0,0.0,0.0,0.0,0.0,0.0,0.0,0.0,4.0,0.0,0.0,0.0,0.0,0.0,0.0,0.0,0.0,0.0,0.0,Low Rating and Low Cost,3
Bikkgane Biryani,"Khasra 1001 & 1002, Village Rithala, Rohini, New Delhi",919888321243,4.1,250,Andhra Chicken Fry|Chicken 65|Cheesecake|Biryani|,North Delhi,0.0,0.0,0.0,0.0,0.0,0.0,1.0,0.0,0.0,0.0,1.0,0.0,0.0,0.0,0.0,0.0,0.0,0.0,1.0,0.0,1.0,0.0,0.0,0.0,0.0,0.0,0.0,0.0,0.0,0.0,1.0,0.0,0.0,0.0,0.0,0.0,0.0,0.0,0.0,0.0,6.0,1.0,0.0,0.0,0.0,1.0,0.0,0.0,1.0,0.0,3.0,High Rating and Medium Cost,0
Subway,"Shop 6/5/27, Sector 11, Garg Trade Center, Rohini, New Delhi",911144747162,3.9,400,None,North Delhi,0.0,0.0,0.0,0.0,0.0,0.0,0.0,0.0,0.0,0.0,0.0,0.0,0.0,0.0,0.0,0.0,0.0,0.0,0.0,0.0,0.0,0.0,0.0,0.0,0.0,0.0,0.0,0.0,0.0,0.0,0.0,0.0,0.0,0.0,0.0,0.0,0.0,0.0,0.0,0.0,1.0,0.0,0.0,0.0,1.0,0.0,0.0,0.0,0.0,0.0,1.0,Low Rating and Medium Cost,5
Pandit Ji Parantha Hut,"Shop 16, Plot CS/OCF 2, Baaz Mall, Sector 24, Rohini, New Delhi",918588008900,4.2,250,None,North Delhi,0.0,0.0,0.0,1.0,0.0,0.0,1.0,0.0,0.0,1.0,0.0,0.0,0.0,0.0,0.0,0.0,0.0,0.0,0.0,0.0,0.0,0.0,0.0,0.0,0.0,0.0,0.0,0.0,0.0,0.0,0.0,0.0,0.0,0.0,0.0,0.0,0.0,0.0,0.0,0.0,4.0,0.0,0.0,0.0,1.0,1.0,0.0,0.0,0.0,0.0,2.0,High Rating and Low Cost,1
Bikanervala,"20, Ground Floor & 121 First Floor, Unity One, Rohini Metro Station Complex, Rohini, New Delhi",911145709900,4.0,500,Deluxe Thali|Raj Kachori|Chole Bhature|Sweets|Pav Bhaji|Dosa|,North Delhi,0.0,1.0,0.0,1.0,1.0,0.0,1.0,1.0,0.0,1.0,0.0,0.0,1.0,0.0,0.0,0.0,0.0,0.0,0.0,0.0,0.0,0.0,0.0,0.0,0.0,0.0,0.0,0.0,0.0,0.0,0.0,0.0,0.0,0.0,0.0,0.0,0.0,0.0,0.0,0.0,8.0,0.0,0.0,1.0,1.0,0.0,0.0,0.0,0.0,0.0,2.0,Low Rating and Medium Cost,5
McDonald's,"A-79A, Savoy Suite, Sector 16, Noida",919899795813,4.2,0,Classic Burgers and Fries|,East Delhi,0.0,1.0,0.0,1.0,0.0,0.0,0.0,0.0,0.0,0.0,0.0,0.0,0.0,0.0,1.0,0.0,0.0,0.0,0.0,0.0,0.0,0.0,0.0,1.0,0.0,0.0,0.0,0.0,0.0,0.0,0.0,0.0,0.0,0.0,0.0,0.0,0.0,0.0,0.0,0.0,5.0,0.0,0.0,0.0,1.0,0.0,1.0,0.0,0.0,0.0,2.0,High Rating and Low Cost,1
BroSis Kitchen,"25A, Pocket A1, Near Bharat Petrol Pump, Mayur Vihar Phase 3, New Delhi",919667932886,4.0,150,None,East Delhi,0.0,1.0,0.0,0.0,0.0,0.0,1.0,0.0,0.0,1.0,0.0,0.0,0.0,0.0,0.0,0.0,0.0,0.0,0.0,0.0,0.0,0.0,0.0,0.0,0.0,0.0,0.0,0.0,0.0,0.0,0.0,0.0,0.0,0.0,0.0,0.0,0.0,0.0,0.0,0.0,4.0,0.0,0.0,0.0,0.0,1.0,0.0,0.0,0.0,0.0,1.0,Low Rating and Low Cost,3
Ram-G Samosa Wale,"A-434, Main Market, New Ashok Nagar, Vasundhara Enclave, New Delhi",919868989493,3.9,50,None,East Delhi,0.0,0.0,0.0,0.0,0.0,0.0,0.0,1.0,0.0,1.0,0.0,0.0,0.0,0.0,0.0,0.0,0.0,0.0,0.0,0.0,0.0,0.0,0.0,0.0,0.0,0.0,0.0,0.0,0.0,0.0,0.0,0.0,0.0,0.0,0.0,0.0,0.0,0.0,0.0,0.0,3.0,0.0,0.0,0.0,0.0,0.0,0.0,0.0,0.0,0.0,0.0,Low Rating and Low Cost,3
Food Fantasy,"P-35-36, Opposite Fine Home Apartments, Mayur Vihar Phase 1, New Delhi",911140114880,4.0,200,Achari Chicken|Chicken Lababdar|Paneer Butter Masala|Tandoori Chicken|Butter Chicken|Pizza|,East Delhi,0.0,0.0,0.0,0.0,0.0,0.0,1.0,1.0,0.0,0.0,1.0,0.0,0.0,0.0,0.0,0.0,0.0,0.0,1.0,0.0,0.0,0.0,0.0,0.0,0.0,0.0,0.0,0.0,0.0,0.0,0.0,0.0,0.0,0.0,0.0,1.0,0.0,0.0,0.0,0.0,6.0,1.0,0.0,0.0,0.0,1.0,0.0,0.0,0.0,0.0,2.0,Low Rating and Low Cost,3
Eat Out,"Opposite Bhagyawan CHS, Acharya Niketan, Mayur Vihar Phase 1, New Delhi",918586875455,3.9,450,None,East Delhi,0.0,0.0,0.0,0.0,0.0,0.0,0.0,0.0,0.0,0.0,0.0,0.0,0.0,0.0,0.0,0.0,0.0,0.0,0.0,0.0,0.0,0.0,0.0,0.0,0.0,0.0,0.0,0.0,0.0,0.0,0.0,0.0,0.0,0.0,0.0,0.0,0.0,0.0,0.0,0.0,1.0,0.0,0.0,0.0,1.0,0.0,0.0,0.0,0.0,0.0,1.0,Low Rating and Medium Cost,5
Punjabi Angithi,"Shop C-58 & C 59, Gulmohar Market, Sector 15, Noida",918368858892,4.0,200,Handi Paneer|Tawa Chaap Masala|Achari Chaap|Chaap Roll|Tandoori Momos|Paneer Butter Masala|,East Delhi,0.0,0.0,0.0,0.0,0.0,1.0,1.0,1.0,1.0,1.0,0.0,0.0,0.0,0.0,0.0,0.0,0.0,0.0,0.0,0.0,0.0,0.0,0.0,0.0,0.0,0.0,0.0,0.0,0.0,0.0,0.0,0.0,0.0,0.0,0.0,0.0,0.0,0.0,0.0,0.0,6.0,0.0,0.0,0.0,1.0,1.0,0.0,0.0,1.0,0.0,3.0,Low Rating and Low Cost,3
Nazeer Foods,"D-590, West Vinod Nagar, IP Extension, New Delhi",919999932032,3.9,600,Chicken Lollypop|Tawa Chicken|Mughlai Food|Tandoori Roti|Rolls|Breads|,East Delhi,0.0,1.0,0.0,1.0,1.0,0.0,1.0,0.0,0.0,0.0,1.0,0.0,0.0,0.0,0.0,0.0,0.0,0.0,1.0,0.0,0.0,0.0,0.0,0.0,0.0,0.0,0.0,0.0,0.0,0.0,0.0,0.0,0.0,0.0,0.0,0.0,0.0,0.0,0.0,0.0,7.0,0.0,0.0,0.0,1.0,1.0,1.0,0.0,0.0,0.0,3.0,High Rating and High Cost,4
La Pino'z Pizza,"G-04 C, Ground Floor, New Ashok Nagar Metro Station, Mayur Vihar Phase 1, New Delhi",919667138351,3.7,200,None,East Delhi,0.0,0.0,0.0,0.0,0.0,0.0,0.0,0.0,0.0,0.0,0.0,0.0,0.0,0.0,0.0,0.0,0.0,0.0,0.0,0.0,0.0,0.0,0.0,0.0,0.0,0.0,0.0,0.0,0.0,0.0,0.0,0.0,0.0,0.0,0.0,0.0,0.0,0.0,0.0,0.0,1.0,0.0,0.0,0.0,0.0,0.0,0.0,0.0,0.0,0.0,0.0,Low Rating and Low Cost,3
Pizza Vizza,"C-49, Shashi Garden, Mayur Vihar Phase 1, New Delhi",919999704735,4.2,150,Vegetable Pizza|Cheese Garlic Bread|Pizzas|Breads|Cake|,East Delhi,1.0,1.0,0.0,0.0,0.0,0.0,0.0,0.0,0.0,0.0,0.0,0.0,0.0,0.0,0.0,0.0,0.0,0.0,0.0,0.0,0.0,0.0,0.0,0.0,0.0,0.0,0.0,0.0,0.0,0.0,0.0,0.0,0.0,0.0,0.0,0.0,0.0,0.0,0.0,0.0,3.0,1.0,1.0,0.0,0.0,0.0,0.0,0.0,0.0,0.0,2.0,High Rating and Low Cost,1
Biryani Blues,"495-496, Ganesh Nagar, Shakarpur, Vikas Marg, New Delhi",918010801000,4.1,300,Paneer 65|Paneer Biryani|Chicken Dum Biryani|Chicken 65|Gulab Jamun|Raita|,East Delhi,0.0,0.0,0.0,0.0,1.0,0.0,0.0,0.0,0.0,0.0,1.0,0.0,0.0,0.0,0.0,0.0,0.0,0.0,0.0,1.0,0.0,0.0,0.0,0.0,0.0,0.0,0.0,0.0,0.0,0.0,0.0,0.0,0.0,0.0,0.0,0.0,0.0,0.0,0.0,0.0,4.0,0.0,0.0,0.0,0.0,1.0,0.0,1.0,1.0,0.0,3.0,High Rating and Medium Cost,0
China Town,"Opposite Fine Home Apartments, Acharya Niketan, Mayur Vihar Phase 1, New Delhi",918447431681,3.9,350,None,East Delhi,0.0,1.0,0.0,0.0,0.0,1.0,0.0,1.0,1.0,0.0,0.0,0.0,0.0,0.0,0.0,0.0,0.0,0.0,0.0,0.0,0.0,0.0,0.0,0.0,0.0,0.0,0.0,0.0,0.0,0.0,0.0,0.0,0.0,0.0,0.0,0.0,0.0,0.0,0.0,0.0,5.0,0.0,0.0,0.0,1.0,0.0,0.0,0.0,0.0,0.0,1.0,Low Rating and Medium Cost,5
Bikanervala,"Shop 10 & 11, Ground Floor, Shop 1&2, First Floor, Plot -4B, Near CNG Petrol Pump, Mayur Vihar Phase 1, New Delhi",918130396652,3.8,500,None,East Delhi,0.0,0.0,0.0,0.0,0.0,0.0,0.0,0.0,0.0,0.0,0.0,0.0,0.0,0.0,0.0,0.0,0.0,0.0,0.0,0.0,0.0,0.0,0.0,0.0,0.0,0.0,0.0,0.0,0.0,0.0,0.0,0.0,0.0,0.0,0.0,0.0,0.0,0.0,0.0,0.0,1.0,0.0,0.0,0.0,1.0,0.0,0.0,0.0,0.0,0.0,1.0,Low Rating and Medium Cost,5
Burger King,"C 135, Ground Floor & Mezanine Floor, Gautam Buddha Nagar, Sector 2, Noida",918433968235,4.1,400,Cheesy Fries|Chocolate Shake|Wrap|French Fries|Burgers|,East Delhi,0.0,1.0,0.0,0.0,0.0,0.0,0.0,0.0,0.0,1.0,0.0,0.0,0.0,0.0,1.0,0.0,0.0,0.0,0.0,0.0,0.0,0.0,0.0,0.0,0.0,0.0,0.0,0.0,0.0,0.0,0.0,0.0,0.0,0.0,0.0,0.0,0.0,0.0,0.0,0.0,4.0,1.0,1.0,1.0,1.0,1.0,1.0,0.0,0.0,0.0,6.0,High Rating and Medium Cost,0
Khadak Singh Da Dhaba,"P-40, Mayur Vihar Phase 1, New Delhi",919717968181,3.9,200,None,East Delhi,0.0,0.0,0.0,0.0,0.0,0.0,0.0,0.0,0.0,0.0,0.0,0.0,0.0,0.0,0.0,0.0,0.0,0.0,0.0,0.0,0.0,0.0,0.0,0.0,0.0,0.0,0.0,0.0,0.0,0.0,0.0,0.0,0.0,0.0,0.0,0.0,0.0,0.0,0.0,0.0,1.0,0.0,0.0,0.0,0.0,0.0,0.0,0.0,0.0,0.0,0.0,Low Rating and Low Cost,3
South Indian Fast Food,"Shop 3 & 4, DDA Market, Pocket A, Mayur Vihar Phase 2, New Delhi",919999746007,4.1,300,None,East Delhi,0.0,0.0,0.0,0.0,0.0,0.0,0.0,0.0,0.0,0.0,0.0,1.0,0.0,0.0,0.0,0.0,0.0,0.0,0.0,0.0,0.0,0.0,0.0,0.0,0.0,0.0,0.0,0.0,0.0,0.0,0.0,0.0,0.0,0.0,0.0,0.0,0.0,0.0,0.0,0.0,2.0,1.0,1.0,0.0,1.0,0.0,0.0,1.0,1.0,0.0,5.0,High Rating and Medium Cost,0
Youth Dosa,"Shop 1, House 1, Ground Floor, Chilla Village, Mayur Vihar Phase 1, New Delhi",917827840448,4.0,300,None,East Delhi,0.0,0.0,0.0,0.0,0.0,0.0,0.0,0.0,0.0,0.0,0.0,1.0,0.0,0.0,0.0,0.0,0.0,0.0,0.0,0.0,0.0,0.0,0.0,0.0,0.0,0.0,0.0,0.0,0.0,0.0,0.0,0.0,0.0,0.0,0.0,0.0,0.0,0.0,0.0,0.0,2.0,0.0,0.0,0.0,1.0,1.0,0.0,0.0,0.0,0.0,2.0,Low Rating and Medium Cost,5
Parantha Express,"D-370 & 371, Ground Floor, Pandav Nagar, New Delhi",918447878447,4.1,100,None,East Delhi,0.0,0.0,0.0,1.0,0.0,0.0,1.0,0.0,0.0,1.0,0.0,0.0,0.0,0.0,0.0,0.0,0.0,1.0,0.0,0.0,0.0,0.0,0.0,0.0,0.0,0.0,0.0,0.0,0.0,0.0,0.0,0.0,0.0,0.0,0.0,0.0,0.0,0.0,0.0,0.0,5.0,0.0,0.0,0.0,0.0,0.0,0.0,0.0,0.0,0.0,0.0,High Rating and Low Cost,1
Domino's Pizza,"1/1-A & 2, Anupama Arcade, Mayur Vihar Phase 1, New Delhi",911141614710,4.2,400,Sweet Corn Pizza|Spicy Chicken|Cheese Burst|Pizzas|,East Delhi,1.0,1.0,0.0,0.0,0.0,0.0,0.0,0.0,0.0,0.0,0.0,0.0,0.0,0.0,0.0,0.0,0.0,0.0,0.0,0.0,0.0,0.0,0.0,0.0,0.0,0.0,0.0,0.0,0.0,0.0,0.0,0.0,0.0,0.0,0.0,0.0,0.0,0.0,0.0,0.0,3.0,1.0,0.0,0.0,1.0,1.0,0.0,1.0,1.0,0.0,5.0,High Rating and Medium Cost,0
White Cub,"Unit D-205, Zone-1, Sector 10, Noida",918595314871,3.9,100,None,East Delhi,0.0,0.0,0.0,0.0,0.0,0.0,0.0,0.0,0.0,0.0,0.0,0.0,0.0,0.0,0.0,0.0,0.0,0.0,0.0,0.0,0.0,0.0,0.0,0.0,0.0,0.0,0.0,0.0,0.0,0.0,0.0,0.0,0.0,0.0,0.0,0.0,0.0,0.0,0.0,0.0,1.0,0.0,0.0,0.0,0.0,0.0,0.0,0.0,0.0,0.0,0.0,Low Rating and Low Cost,3
Biryani By Kilo,"246/67, School Block, East Mandavali, Fazalpur, IP Extension, New Delhi",919212199888,4.3,450,Nawabi Paneer|Veg Korma|Firni|Basmati Rice|Egg Biryani|Kababs|,East Delhi,0.0,0.0,0.0,0.0,1.0,0.0,1.0,0.0,0.0,0.0,1.0,0.0,0.0,0.0,0.0,0.0,0.0,0.0,1.0,1.0,1.0,0.0,0.0,0.0,0.0,0.0,0.0,0.0,0.0,0.0,0.0,0.0,0.0,0.0,0.0,0.0,0.0,0.0,0.0,0.0,7.0,0.0,0.0,0.0,1.0,1.0,0.0,0.0,1.0,0.0,3.0,High Rating and Medium Cost,0
Pizza Hut,"Shop P/37/38, 281, Ground Floor, Pandav Nagar, Mayur Vihar Phase 1, New Delhi",918588812413,3.7,800,None,East Delhi,0.0,0.0,0.0,0.0,0.0,0.0,0.0,0.0,0.0,0.0,0.0,0.0,0.0,0.0,0.0,0.0,0.0,0.0,0.0,0.0,0.0,0.0,0.0,0.0,0.0,0.0,0.0,0.0,0.0,0.0,0.0,0.0,0.0,0.0,0.0,0.0,0.0,0.0,0.0,0.0,1.0,0.0,0.0,0.0,1.0,0.0,0.0,0.0,0.0,0.0,1.0,Low Rating and High Cost,2
Sagar Ratna,"P 19/20, 1st Floor, Pandav Nagar, New Delhi",917428386445,4.2,600,None,East Delhi,0.0,0.0,0.0,1.0,1.0,0.0,1.0,0.0,0.0,0.0,0.0,1.0,0.0,0.0,0.0,0.0,0.0,0.0,0.0,0.0,0.0,0.0,0.0,0.0,0.0,0.0,0.0,0.0,0.0,0.0,0.0,0.0,0.0,0.0,0.0,0.0,0.0,0.0,0.0,0.0,5.0,0.0,0.0,0.0,1.0,0.0,0.0,0.0,0.0,0.0,1.0,High Rating and High Cost,4
Hira Sweets,"E-60, Vikas Marg, Laxmi Nagar, New Delhi",911122469755,4.0,500,Fruit Rabri|Balushahi|Matar Kachori|Stuffed Aloo|Kaju Katli|Kalakand|,East Delhi,0.0,0.0,0.0,0.0,0.0,0.0,1.0,1.0,0.0,1.0,0.0,1.0,1.0,0.0,0.0,0.0,0.0,0.0,0.0,0.0,0.0,0.0,0.0,0.0,0.0,0.0,0.0,0.0,0.0,0.0,0.0,0.0,0.0,0.0,0.0,0.0,0.0,0.0,0.0,0.0,6.0,0.0,0.0,0.0,1.0,0.0,1.0,0.0,0.0,0.0,2.0,Low Rating and Medium Cost,5
Subway,"G-7,8,9, Sikka Plaza 2, Near Ahlcon Public School, Mayur Vihar Phase 1, New Delhi",919953680840,4.2,400,Customizable submarine sandwiches and salads|,East Delhi,0.0,1.0,0.0,1.0,0.0,0.0,0.0,0.0,0.0,0.0,0.0,0.0,0.0,1.0,0.0,0.0,0.0,1.0,0.0,0.0,0.0,1.0,1.0,0.0,0.0,0.0,0.0,0.0,0.0,0.0,0.0,0.0,0.0,0.0,0.0,0.0,0.0,0.0,0.0,0.0,7.0,1.0,0.0,0.0,1.0,1.0,1.0,0.0,0.0,0.0,4.0,High Rating and Medium Cost,0
Singla's,"A-139/140, Main Road, Madhu Vihar, Near Hasanpur Depot, IP Extension, New Delhi",911122232323,4.1,500,Kaju Barfi|Puri Sabzi|Kaju Katli|Golgappe|Raj Kachori|Veg Chowmein|,East Delhi,1.0,1.0,0.0,0.0,1.0,1.0,1.0,1.0,0.0,1.0,0.0,1.0,0.0,0.0,0.0,0.0,0.0,0.0,0.0,0.0,0.0,0.0,0.0,0.0,0.0,0.0,0.0,0.0,0.0,0.0,0.0,0.0,0.0,0.0,0.0,0.0,0.0,0.0,0.0,0.0,9.0,0.0,0.0,0.0,1.0,0.0,1.0,1.0,0.0,0.0,3.0,High Rating and Medium Cost,0
Mariyan Restaurant,"A-1220/1221, Gharoli Dairy Colony, Mayur Vihar Phase 3, New Delhi",918447127533,3.7,400,None,East Delhi,0.0,0.0,0.0,1.0,0.0,0.0,1.0,0.0,0.0,0.0,0.0,1.0,0.0,0.0,0.0,0.0,0.0,0.0,1.0,0.0,0.0,0.0,0.0,0.0,0.0,0.0,0.0,0.0,0.0,0.0,0.0,0.0,0.0,0.0,0.0,0.0,1.0,0.0,0.0,0.0,6.0,1.0,1.0,0.0,1.0,1.0,0.0,0.0,0.0,0.0,4.0,Low Rating and Medium Cost,5
Aashirwad Restaurant,"B-31/125, Gali 4, Mangal Bazar Road, Guru Nanak Pura, Laxmi Nagar, New Delhi",919821901135,3.8,150,None,East Delhi,0.0,0.0,0.0,0.0,0.0,0.0,1.0,1.0,0.0,0.0,0.0,0.0,0.0,0.0,0.0,0.0,0.0,0.0,0.0,0.0,0.0,0.0,0.0,0.0,0.0,0.0,0.0,0.0,0.0,0.0,0.0,0.0,0.0,0.0,0.0,0.0,0.0,0.0,0.0,0.0,3.0,0.0,0.0,0.0,0.0,0.0,0.0,0.0,0.0,0.0,0.0,Low Rating and Low Cost,3
China Town,"DAV Complex, Samachar Market, Mayur Vihar Phase 1, New Delhi",911165411476,3.8,400,None,East Delhi,0.0,1.0,0.0,0.0,0.0,0.0,0.0,1.0,1.0,1.0,0.0,0.0,0.0,0.0,0.0,0.0,0.0,0.0,0.0,0.0,0.0,0.0,0.0,0.0,0.0,0.0,0.0,0.0,0.0,0.0,0.0,0.0,0.0,0.0,0.0,0.0,0.0,0.0,0.0,0.0,5.0,0.0,0.0,0.0,1.0,0.0,0.0,0.0,0.0,0.0,1.0,Low Rating and Medium Cost,5
If Pizza,"Shop B 63, Ganesh Nagar, Near Pal Book Depot, Pandav Nagar, New Delhi",918744904490,4.3,300,None,East Delhi,1.0,1.0,0.0,0.0,0.0,0.0,0.0,0.0,0.0,0.0,0.0,0.0,0.0,0.0,0.0,0.0,0.0,0.0,0.0,0.0,0.0,0.0,0.0,0.0,0.0,0.0,0.0,0.0,0.0,0.0,0.0,0.0,0.0,0.0,0.0,0.0,0.0,0.0,0.0,0.0,3.0,1.0,1.0,0.0,1.0,1.0,0.0,1.0,0.0,0.0,5.0,High Rating and Medium Cost,0
Jeet Punjabi Dhaba,"Shop 97, Village Kotla, Mayur Vihar Phase 1, New Delhi",919999052959,3.9,350,None,East Delhi,0.0,0.0,0.0,0.0,0.0,0.0,0.0,0.0,0.0,0.0,0.0,0.0,0.0,0.0,0.0,0.0,0.0,0.0,0.0,0.0,0.0,0.0,0.0,0.0,0.0,0.0,0.0,0.0,0.0,0.0,0.0,0.0,0.0,0.0,0.0,0.0,0.0,0.0,0.0,0.0,1.0,0.0,0.0,0.0,1.0,0.0,0.0,0.0,0.0,0.0,1.0,Low Rating and Medium Cost,5
Balaji Bhojanalya,"Plot A 421, Block A, New Ashok Nagar, Vasundhara Enclave, New Delhi",919540129977,3.9,300,None,East Delhi,0.0,0.0,0.0,0.0,0.0,0.0,0.0,0.0,0.0,0.0,0.0,0.0,0.0,0.0,0.0,0.0,0.0,0.0,0.0,0.0,0.0,0.0,0.0,0.0,0.0,0.0,0.0,0.0,0.0,0.0,0.0,0.0,0.0,0.0,0.0,0.0,0.0,0.0,0.0,0.0,1.0,0.0,0.0,0.0,1.0,0.0,0.0,0.0,0.0,0.0,1.0,Low Rating and Medium Cost,5
Nirula's,"Shop G-3, Plot 5, Ground Floor, Ashish Complex, L.S.C, Opposite Anand Lok Society, Mayur Vihar Phase 1, New Delhi",917303546700,4.0,600,None,East Delhi,1.0,1.0,1.0,1.0,0.0,0.0,1.0,0.0,1.0,0.0,0.0,0.0,0.0,0.0,1.0,0.0,0.0,0.0,0.0,0.0,0.0,0.0,0.0,0.0,0.0,0.0,0.0,0.0,0.0,0.0,0.0,0.0,0.0,0.0,0.0,0.0,0.0,1.0,0.0,0.0,9.0,0.0,0.0,0.0,1.0,0.0,0.0,0.0,0.0,0.0,1.0,High Rating and High Cost,4
Scorpio Cafe,"G-4, Durga Complex, Pocket B, Mayur Vihar Phase 2, New Delhi",919999187293,4.1,0,Pocket friendly quick bites|,East Delhi,1.0,1.0,0.0,0.0,0.0,1.0,1.0,1.0,0.0,0.0,1.0,0.0,0.0,0.0,1.0,0.0,0.0,1.0,0.0,0.0,0.0,0.0,0.0,0.0,0.0,0.0,0.0,0.0,0.0,0.0,0.0,0.0,0.0,0.0,0.0,0.0,0.0,0.0,0.0,0.0,9.0,1.0,1.0,1.0,1.0,0.0,1.0,0.0,0.0,0.0,5.0,High Rating and Low Cost,1
Haryana Sweets & Restaurant,"D 132, South Ganesh Nagar, Opposite Mother Dairy, Pandav Nagar, New Delhi",919810106977,4.1,250,Palak Paneer|Lassi|Chole|Thali|Dal Makhani|,East Delhi,0.0,0.0,0.0,0.0,1.0,0.0,1.0,0.0,0.0,1.0,0.0,1.0,1.0,0.0,0.0,0.0,0.0,0.0,0.0,0.0,0.0,0.0,0.0,0.0,0.0,0.0,0.0,0.0,0.0,0.0,0.0,0.0,0.0,0.0,0.0,0.0,0.0,0.0,0.0,0.0,6.0,1.0,0.0,0.0,1.0,1.0,0.0,0.0,0.0,0.0,3.0,High Rating and Medium Cost,0
Roll Hub,"Shop 2, P 40, Mayur Vihar Phase 1, New Delhi",919667300551,4.2,300,None,East Delhi,0.0,0.0,0.0,0.0,0.0,1.0,1.0,0.0,1.0,0.0,0.0,0.0,0.0,0.0,0.0,0.0,0.0,0.0,0.0,0.0,0.0,0.0,0.0,0.0,0.0,0.0,0.0,0.0,0.0,0.0,0.0,0.0,0.0,0.0,0.0,0.0,0.0,0.0,0.0,0.0,4.0,0.0,0.0,0.0,1.0,0.0,0.0,0.0,0.0,0.0,1.0,High Rating and Medium Cost,0
Haldiram's,"90, Upper Ground, Parsavnath Mall, Metro Station, Link Road, Pandav Nagar, New Delhi",919873611958,4.1,450,Paneer Cutlets|Rabri Rasmalai|Makke Ki Roti|Rajkachori|Sev Puri|Lassi|,East Delhi,0.0,0.0,0.0,1.0,1.0,0.0,1.0,1.0,0.0,1.0,0.0,1.0,0.0,0.0,0.0,0.0,0.0,0.0,0.0,0.0,0.0,0.0,0.0,0.0,0.0,0.0,1.0,0.0,0.0,0.0,0.0,0.0,0.0,0.0,0.0,0.0,0.0,0.0,0.0,0.0,8.0,1.0,1.0,0.0,1.0,0.0,0.0,0.0,0.0,0.0,3.0,High Rating and Medium Cost,0
Protein Bar Cafe,"111 B, Ground Floor, Pocket A 1, Mayur Vihar Phase 3, New Delhi",917289877864,4.1,350,None,East Delhi,0.0,1.0,0.0,1.0,0.0,0.0,0.0,0.0,0.0,1.0,0.0,0.0,0.0,0.0,1.0,0.0,0.0,1.0,0.0,0.0,0.0,1.0,1.0,0.0,0.0,0.0,0.0,0.0,0.0,0.0,0.0,0.0,0.0,1.0,0.0,0.0,0.0,0.0,0.0,0.0,9.0,0.0,0.0,0.0,1.0,1.0,1.0,0.0,0.0,0.0,3.0,High Rating and Medium Cost,0
KFC,"Shop G3, Multi Level Parking, Vasundhara Enclave, New Delhi",918042754444,4.1,400,None,East Delhi,0.0,1.0,0.0,0.0,0.0,0.0,0.0,0.0,0.0,0.0,0.0,0.0,0.0,0.0,1.0,0.0,0.0,0.0,0.0,0.0,0.0,0.0,0.0,0.0,0.0,0.0,0.0,0.0,0.0,0.0,0.0,0.0,0.0,0.0,0.0,0.0,0.0,0.0,0.0,0.0,3.0,1.0,0.0,0.0,1.0,1.0,1.0,0.0,0.0,0.0,4.0,High Rating and Medium Cost,0
Giani's,"A-13, Acharya Niketan Market, Opposite Bhagyawan CHS, Mayur Vihar Phase 1, New Delhi",911146648242,4.3,350,None,East Delhi,0.0,0.0,0.0,1.0,1.0,0.0,0.0,0.0,0.0,0.0,0.0,0.0,0.0,0.0,0.0,0.0,0.0,0.0,0.0,0.0,0.0,0.0,0.0,0.0,0.0,0.0,0.0,0.0,0.0,0.0,0.0,0.0,0.0,0.0,0.0,0.0,0.0,1.0,0.0,0.0,4.0,0.0,0.0,0.0,1.0,1.0,0.0,0.0,0.0,0.0,2.0,High Rating and Medium Cost,0
Punjabi Tadka,"27/494, Near Sawati Medical Store, Trilokpuri, New Delhi",919968505539,3.4,100,None,East Delhi,0.0,0.0,0.0,0.0,0.0,0.0,1.0,0.0,0.0,0.0,0.0,0.0,0.0,0.0,0.0,0.0,0.0,0.0,0.0,0.0,0.0,0.0,0.0,0.0,0.0,0.0,0.0,0.0,0.0,0.0,0.0,0.0,0.0,0.0,0.0,0.0,0.0,0.0,0.0,0.0,2.0,0.0,0.0,0.0,0.0,0.0,0.0,0.0,0.0,0.0,0.0,Low Rating and Low Cost,3
Yaara Di Chaap,"B-1/10, New Ashok Nagar, Vasundhara Enclave, New Delhi",919354708435,3.9,300,None,East Delhi,0.0,0.0,0.0,0.0,0.0,1.0,1.0,1.0,0.0,0.0,0.0,0.0,0.0,0.0,0.0,0.0,0.0,0.0,0.0,0.0,0.0,0.0,0.0,0.0,0.0,0.0,0.0,0.0,0.0,0.0,0.0,0.0,0.0,0.0,0.0,0.0,0.0,0.0,0.0,0.0,4.0,0.0,0.0,1.0,1.0,1.0,0.0,0.0,0.0,0.0,3.0,Low Rating and Medium Cost,5
The Burger Company,"A - 76, Vikas Marg, Laxmi Nagar, New Delhi",919711500668,3.9,500,None,East Delhi,0.0,1.0,0.0,1.0,0.0,0.0,0.0,0.0,0.0,0.0,0.0,0.0,0.0,0.0,1.0,0.0,0.0,0.0,0.0,0.0,0.0,0.0,0.0,0.0,0.0,0.0,0.0,0.0,0.0,0.0,0.0,0.0,0.0,1.0,0.0,0.0,0.0,0.0,0.0,0.0,5.0,0.0,0.0,0.0,1.0,0.0,0.0,0.0,0.0,0.0,1.0,Low Rating and Medium Cost,5
Burger Singh - Big Punjabi Burgers,"Shop 2, Ground Floor, Mayur Vihar Phase 1, New Delhi",918826456808,4.2,150,None,East Delhi,0.0,1.0,0.0,1.0,1.0,0.0,0.0,0.0,0.0,0.0,0.0,0.0,0.0,0.0,1.0,0.0,0.0,0.0,0.0,0.0,0.0,0.0,0.0,0.0,0.0,0.0,0.0,0.0,0.0,0.0,0.0,0.0,0.0,0.0,0.0,0.0,0.0,0.0,0.0,0.0,5.0,1.0,0.0,0.0,0.0,1.0,0.0,1.0,1.0,0.0,4.0,High Rating and Low Cost,1
Udupidarshini Veg Restaurant,"C-24/A, Acharya Niketan, Mayur Vihar Phase 1, New Delhi",919643686168,4.3,300,None,East Delhi,0.0,0.0,0.0,0.0,0.0,0.0,0.0,0.0,0.0,0.0,0.0,0.0,0.0,0.0,0.0,0.0,0.0,0.0,0.0,0.0,0.0,0.0,0.0,0.0,0.0,0.0,0.0,0.0,0.0,0.0,0.0,0.0,0.0,0.0,0.0,0.0,0.0,0.0,0.0,0.0,1.0,1.0,1.0,0.0,1.0,0.0,0.0,0.0,0.0,0.0,3.0,High Rating and Medium Cost,0
Granny's Flavour,"R-131, Super Shine Chowk, East Vinod Nagar, Mayur Vihar Phase 2, New Delhi",918882643499,4.0,300,Bedmi Puri|Aloo Paratha|Rajma Chawal|Tawa Roti|Kachori|Mix Veg|,East Delhi,0.0,0.0,0.0,0.0,0.0,0.0,1.0,1.0,0.0,0.0,0.0,1.0,0.0,0.0,0.0,0.0,0.0,0.0,0.0,0.0,0.0,0.0,0.0,0.0,0.0,0.0,0.0,0.0,0.0,0.0,0.0,0.0,0.0,0.0,0.0,0.0,0.0,0.0,0.0,0.0,4.0,0.0,0.0,0.0,1.0,1.0,0.0,0.0,0.0,0.0,2.0,Low Rating and Medium Cost,5
Shakil Chicken Corner,"B 208, B block, Hastsal Colony, Uttam Nagar, New Delhi",919013361670,4.0,150,None,West Delhi,0.0,0.0,0.0,0.0,0.0,1.0,1.0,0.0,0.0,0.0,1.0,0.0,0.0,0.0,0.0,0.0,0.0,0.0,0.0,0.0,0.0,0.0,0.0,0.0,0.0,0.0,0.0,0.0,0.0,0.0,0.0,0.0,0.0,0.0,0.0,0.0,0.0,0.0,0.0,0.0,4.0,0.0,0.0,0.0,0.0,1.0,0.0,0.0,1.0,0.0,2.0,Low Rating and Low Cost,3
Biryani Blues,"A 44, Ground Floor, Rajouri Garden, New Delhi",918010801000,4.2,300,None,West Delhi,0.0,0.0,0.0,0.0,1.0,0.0,0.0,0.0,0.0,0.0,1.0,0.0,0.0,0.0,0.0,0.0,0.0,0.0,0.0,1.0,0.0,0.0,0.0,0.0,0.0,0.0,0.0,0.0,0.0,0.0,0.0,0.0,0.0,0.0,0.0,0.0,0.0,0.0,0.0,0.0,4.0,0.0,0.0,0.0,0.0,1.0,0.0,0.0,0.0,0.0,1.0,High Rating and Medium Cost,0
Gulab,"A-44, Ground Floor, Rajouri Garden, New Delhi",918920762015,3.8,150,None,West Delhi,0.0,0.0,0.0,0.0,0.0,0.0,0.0,0.0,0.0,0.0,0.0,0.0,0.0,0.0,0.0,0.0,0.0,0.0,0.0,0.0,0.0,0.0,0.0,0.0,0.0,0.0,0.0,0.0,0.0,0.0,0.0,0.0,0.0,0.0,0.0,0.0,0.0,0.0,0.0,0.0,1.0,0.0,0.0,0.0,0.0,0.0,0.0,0.0,0.0,0.0,0.0,Low Rating and Low Cost,3
Subway,"J 57, Ground Floor, Frontside, Bander Wali Khui, Ramesh Nagar, Kirti Nagar, New Delhi",919871194501,4.1,400,Wrap|Salad|Sauce|Chicken|,West Delhi,0.0,1.0,0.0,1.0,0.0,0.0,0.0,0.0,0.0,0.0,0.0,0.0,0.0,1.0,0.0,0.0,0.0,1.0,0.0,0.0,0.0,1.0,1.0,0.0,0.0,0.0,0.0,0.0,0.0,0.0,0.0,0.0,0.0,0.0,0.0,0.0,0.0,0.0,0.0,0.0,7.0,0.0,0.0,0.0,1.0,1.0,1.0,0.0,0.0,0.0,3.0,High Rating and Medium Cost,0
Ramji Di Hatti & Caterers,"BE 324, Hari Nagar, Gali 4, Opposite M.I.G. Flats, Mayapuri Phase 2, New Delhi",919650438007,4.1,400,Chur Chur Naan Thali|Lassi|Chole Bhature|Raita|,West Delhi,0.0,1.0,0.0,0.0,0.0,0.0,1.0,1.0,0.0,0.0,0.0,0.0,0.0,0.0,0.0,0.0,0.0,0.0,0.0,0.0,0.0,0.0,0.0,0.0,0.0,0.0,0.0,0.0,0.0,0.0,0.0,0.0,0.0,0.0,0.0,0.0,0.0,0.0,0.0,0.0,4.0,1.0,1.0,0.0,1.0,1.0,1.0,1.0,0.0,0.0,6.0,High Rating and Medium Cost,0
Burger King,"J-1/162, Ground Floor, Rajouri Garden, New Delhi",911140523618,4.3,400,None,West Delhi,0.0,1.0,0.0,0.0,0.0,0.0,0.0,0.0,0.0,1.0,0.0,0.0,0.0,0.0,1.0,0.0,0.0,0.0,0.0,0.0,0.0,0.0,0.0,0.0,0.0,0.0,0.0,0.0,0.0,0.0,0.0,0.0,0.0,0.0,0.0,0.0,0.0,0.0,0.0,0.0,4.0,0.0,0.0,0.0,1.0,1.0,0.0,0.0,0.0,0.0,2.0,High Rating and Medium Cost,0
24 Hrs Tawa V/s Tandoor,"H A-44, Ground Floor, Block A2, Rajouri Garden, New Delhi",919911441046,3.9,200,None,West Delhi,0.0,0.0,0.0,0.0,0.0,0.0,0.0,0.0,0.0,0.0,0.0,0.0,0.0,0.0,0.0,0.0,0.0,0.0,0.0,0.0,0.0,0.0,0.0,0.0,0.0,0.0,0.0,0.0,0.0,0.0,0.0,0.0,0.0,0.0,0.0,0.0,0.0,0.0,0.0,0.0,1.0,0.0,0.0,0.0,0.0,0.0,0.0,0.0,0.0,0.0,0.0,Low Rating and Low Cost,3
Burger Singh - Big Punjabi Burgers,"Shop 60, 61, J Block, DDA Market, Rajouri Garden, New Delhi",918767121212,4.1,300,None,West Delhi,0.0,1.0,0.0,1.0,1.0,0.0,0.0,0.0,1.0,0.0,0.0,0.0,0.0,0.0,1.0,0.0,0.0,0.0,0.0,0.0,0.0,0.0,0.0,0.0,0.0,0.0,0.0,0.0,0.0,0.0,0.0,0.0,0.0,0.0,0.0,0.0,0.0,0.0,0.0,0.0,6.0,0.0,0.0,1.0,1.0,1.0,1.0,0.0,0.0,1.0,4.0,High Rating and Medium Cost,0
Sagar Ratna,"2nd & 3rd Floor, Metro Pillar Number 421, Najafgarh Road, Block�Z, Tagore Garden, New Delhi",917428386413,4.0,250,None,West Delhi,0.0,0.0,0.0,1.0,1.0,0.0,1.0,0.0,0.0,0.0,0.0,1.0,0.0,0.0,0.0,0.0,0.0,0.0,0.0,0.0,0.0,0.0,0.0,0.0,0.0,0.0,0.0,0.0,0.0,0.0,0.0,0.0,0.0,0.0,0.0,0.0,0.0,0.0,0.0,0.0,5.0,1.0,0.0,0.0,0.0,1.0,0.0,0.0,1.0,0.0,3.0,Low Rating and Low Cost,3
Creme N Crisp,"A6/8, Ground Floor, Paschim Vihar, New Delhi",919821158852,3.8,400,None,West Delhi,1.0,1.0,0.0,1.0,1.0,0.0,0.0,0.0,0.0,1.0,0.0,0.0,0.0,0.0,0.0,1.0,0.0,1.0,0.0,0.0,0.0,0.0,0.0,0.0,0.0,0.0,0.0,0.0,0.0,0.0,0.0,0.0,0.0,0.0,0.0,0.0,0.0,0.0,0.0,0.0,8.0,0.0,0.0,0.0,1.0,0.0,0.0,0.0,0.0,0.0,1.0,Low Rating and Medium Cost,5
Bikanervala,"A-2/43, 1st Floor, Rajouri Garden, New Delhi",911125930633,4.1,450,Kesar Badam Milk|Bedmi Poori|Bhalla Papdi|Matar Kulcha|Dhokla|Tandoori Platter|,West Delhi,0.0,0.0,0.0,0.0,0.0,0.0,1.0,1.0,1.0,1.0,0.0,1.0,1.0,0.0,0.0,0.0,0.0,0.0,0.0,0.0,0.0,0.0,0.0,0.0,0.0,0.0,0.0,0.0,0.0,0.0,0.0,0.0,0.0,0.0,0.0,0.0,0.0,0.0,0.0,0.0,7.0,1.0,0.0,0.0,1.0,0.0,0.0,0.0,0.0,0.0,2.0,High Rating and Medium Cost,0
Madras Cafe,"1, H Block, DDA Market, Near K R Mangalam School Road, Vikaspuri, New Delhi",919868020232,3.9,300,None,West Delhi,0.0,0.0,0.0,0.0,0.0,0.0,0.0,1.0,0.0,0.0,0.0,1.0,0.0,0.0,0.0,0.0,0.0,0.0,0.0,0.0,0.0,0.0,0.0,0.0,0.0,0.0,0.0,0.0,0.0,0.0,0.0,0.0,0.0,0.0,0.0,0.0,0.0,0.0,0.0,0.0,3.0,1.0,0.0,0.0,1.0,0.0,0.0,1.0,0.0,0.0,3.0,Low Rating and Medium Cost,5
Delhi Darbar Biryani Point,"B-234, Gali 4, B Block, East Metro Station, Uttam Nagar, New Delhi",917303297373,4.2,350,None,West Delhi,0.0,0.0,0.0,0.0,0.0,0.0,1.0,0.0,0.0,0.0,1.0,0.0,0.0,0.0,0.0,0.0,0.0,0.0,1.0,0.0,0.0,0.0,0.0,0.0,0.0,0.0,0.0,0.0,0.0,0.0,0.0,0.0,0.0,0.0,0.0,0.0,0.0,0.0,0.0,0.0,4.0,0.0,0.0,0.0,1.0,1.0,1.0,1.0,0.0,0.0,4.0,High Rating and Medium Cost,0
Kream's,"Shop 6, D-121, Vikaspuri, New Delhi",919990990963,4.2,50,Supreme Burger|Pastries|Cakes|Burgers|Snacks|,West Delhi,0.0,1.0,0.0,0.0,1.0,0.0,0.0,0.0,0.0,0.0,0.0,0.0,0.0,0.0,0.0,1.0,0.0,0.0,0.0,0.0,0.0,0.0,0.0,0.0,0.0,0.0,0.0,0.0,0.0,0.0,0.0,0.0,0.0,0.0,0.0,0.0,0.0,0.0,0.0,0.0,4.0,1.0,0.0,0.0,0.0,1.0,0.0,1.0,0.0,0.0,3.0,High Rating and Low Cost,1
The Dhaba Junction,"14 A/22 Ground Floor, WEA, Karol Bagh, New Delhi",911140349119,3.5,600,None,West Delhi,0.0,1.0,0.0,1.0,0.0,0.0,1.0,1.0,0.0,0.0,0.0,0.0,0.0,0.0,0.0,0.0,0.0,0.0,1.0,0.0,0.0,0.0,0.0,0.0,0.0,0.0,0.0,0.0,0.0,0.0,0.0,0.0,0.0,0.0,0.0,0.0,0.0,0.0,0.0,0.0,6.0,0.0,0.0,0.0,1.0,1.0,0.0,0.0,0.0,0.0,2.0,Low Rating and High Cost,2
Hira Sweets,"A-2, Opposite Metro Pillar 329, Kirti Nagar, New Delhi",911141633158,4.1,500,None,West Delhi,0.0,0.0,0.0,0.0,0.0,0.0,1.0,1.0,0.0,1.0,0.0,1.0,1.0,0.0,0.0,0.0,0.0,0.0,0.0,0.0,0.0,0.0,0.0,0.0,0.0,0.0,0.0,0.0,0.0,0.0,0.0,0.0,0.0,0.0,0.0,0.0,0.0,0.0,0.0,0.0,6.0,0.0,0.0,1.0,1.0,1.0,1.0,0.0,0.0,0.0,4.0,High Rating and Medium Cost,0
Bikkgane Biryani,"A4, 2nd Floor, Shivaji Enclave, DDA Market, Near Wine Shop, Rajouri Garden, New Delhi",911147009662,3.9,0,Extensive range of Hyderabadi biryanis and array of tikkas|kebabs|and curries to choose from|,West Delhi,0.0,0.0,0.0,0.0,0.0,0.0,1.0,0.0,0.0,0.0,1.0,0.0,0.0,0.0,0.0,0.0,0.0,0.0,1.0,0.0,1.0,0.0,0.0,0.0,0.0,0.0,0.0,0.0,0.0,0.0,1.0,0.0,0.0,0.0,0.0,0.0,0.0,0.0,0.0,0.0,6.0,1.0,0.0,0.0,1.0,0.0,0.0,1.0,1.0,0.0,4.0,Low Rating and Low Cost,3
Everest Momos & Chinese Fast Food,"C-24, Shivaji Park Market, Punjabi Bagh, New Delhi",917503609018,4.0,350,Chicken Spring Roll|Chilli Potatoes|Noodle|Chilli Garlic Noodles|Chicken Momo|Veg Fried Rice|,West Delhi,0.0,1.0,0.0,0.0,0.0,0.0,0.0,1.0,1.0,0.0,0.0,0.0,0.0,0.0,0.0,0.0,0.0,0.0,0.0,0.0,0.0,0.0,0.0,0.0,0.0,0.0,0.0,0.0,0.0,0.0,0.0,0.0,0.0,0.0,0.0,0.0,0.0,0.0,0.0,0.0,4.0,1.0,0.0,0.0,1.0,0.0,1.0,1.0,0.0,0.0,4.0,Low Rating and Medium Cost,5
Bakingo,"Shop 55, Ground Floor, Najafgarh Road, Shivaji Market, Tagore Garden, New Delhi",917428050218,4.5,50,None,West Delhi,0.0,0.0,0.0,0.0,1.0,0.0,0.0,0.0,0.0,0.0,0.0,0.0,0.0,0.0,0.0,1.0,0.0,0.0,0.0,0.0,0.0,0.0,0.0,0.0,0.0,0.0,0.0,0.0,0.0,0.0,0.0,0.0,0.0,0.0,0.0,0.0,0.0,0.0,0.0,0.0,3.0,1.0,0.0,0.0,1.0,1.0,0.0,0.0,0.0,0.0,3.0,High Rating and Low Cost,1
Om Sweets & Snacks,"GL-23, Hari Nagar, Jail Road, New Delhi",911145782222,4.3,0,Sweets|Snacks|& Ready-To-Eat Tit-Bits|,West Delhi,0.0,0.0,0.0,0.0,0.0,0.0,1.0,1.0,0.0,0.0,0.0,1.0,1.0,0.0,0.0,0.0,0.0,0.0,0.0,0.0,0.0,0.0,0.0,0.0,0.0,0.0,0.0,0.0,0.0,0.0,0.0,0.0,0.0,0.0,0.0,0.0,0.0,0.0,0.0,0.0,5.0,0.0,0.0,0.0,1.0,0.0,1.0,0.0,0.0,0.0,2.0,High Rating and Low Cost,1
KFC,"Shop G-03, Ground Floor & Mezzanine Floor, New Ashok Nagar Metro Station, Rajouri Garden, New Delhi",918042754444,4.2,400,None,West Delhi,0.0,1.0,0.0,0.0,0.0,0.0,0.0,0.0,0.0,0.0,0.0,0.0,0.0,0.0,1.0,0.0,0.0,0.0,0.0,0.0,0.0,0.0,0.0,0.0,0.0,0.0,0.0,0.0,0.0,0.0,0.0,0.0,0.0,0.0,0.0,0.0,0.0,0.0,0.0,0.0,3.0,0.0,0.0,1.0,1.0,1.0,0.0,0.0,0.0,0.0,3.0,High Rating and Medium Cost,0
Tite Da Dhaba,"B 595-596, Shivaji College Road, Raghubir Nagar, Rajouri Garden, New Delhi",919891985041,4.2,500,None,West Delhi,0.0,0.0,0.0,0.0,0.0,0.0,0.0,0.0,0.0,0.0,0.0,0.0,0.0,0.0,0.0,0.0,0.0,0.0,0.0,0.0,0.0,0.0,0.0,0.0,0.0,0.0,0.0,0.0,0.0,0.0,0.0,0.0,0.0,0.0,0.0,0.0,0.0,0.0,0.0,0.0,1.0,0.0,0.0,0.0,1.0,1.0,0.0,1.0,1.0,0.0,4.0,High Rating and Medium Cost,0
Grover Sweets,"Shop 2&3, J1/162, Rajouri Garden, New Delhi",919560009462,4.1,100,None,West Delhi,0.0,0.0,0.0,0.0,0.0,0.0,0.0,0.0,0.0,0.0,0.0,0.0,0.0,0.0,0.0,0.0,0.0,0.0,0.0,0.0,0.0,0.0,0.0,0.0,0.0,0.0,0.0,0.0,0.0,0.0,0.0,0.0,0.0,0.0,0.0,0.0,0.0,0.0,0.0,0.0,1.0,0.0,0.0,0.0,0.0,0.0,0.0,0.0,0.0,0.0,0.0,High Rating and Low Cost,1
Haldiram's,"C-4, Ground Floor, Rajouri Garden, New Delhi",918588027416,3.9,450,None,West Delhi,0.0,0.0,0.0,1.0,1.0,0.0,1.0,1.0,0.0,1.0,0.0,1.0,0.0,0.0,0.0,0.0,0.0,0.0,0.0,0.0,0.0,0.0,0.0,0.0,0.0,0.0,1.0,0.0,0.0,0.0,0.0,0.0,0.0,0.0,0.0,0.0,0.0,0.0,0.0,0.0,8.0,0.0,0.0,0.0,1.0,0.0,0.0,0.0,0.0,0.0,1.0,Low Rating and Medium Cost,5
Domino's Pizza,"J-2/20, Ground Floor, BK Dutta Market, Rajouri Garden, New Delhi",911141446835,4.2,400,Cheese Burst|Stuffed Garlic Bread|Pizzas|Corn|,West Delhi,1.0,1.0,0.0,0.0,0.0,0.0,0.0,0.0,0.0,0.0,0.0,0.0,0.0,0.0,0.0,0.0,0.0,0.0,0.0,0.0,0.0,0.0,0.0,0.0,0.0,0.0,0.0,0.0,0.0,0.0,0.0,0.0,0.0,0.0,0.0,0.0,0.0,0.0,0.0,0.0,3.0,1.0,1.0,0.0,1.0,1.0,0.0,1.0,0.0,0.0,5.0,High Rating and Medium Cost,0
Taco Bell,"Shop 2F/10, Second Floor, Pacific Mall, Najafgarh Road, Tagore Garden, New Delhi",919289072094,4.0,500,None,West Delhi,0.0,1.0,0.0,0.0,0.0,0.0,0.0,0.0,0.0,0.0,0.0,0.0,0.0,1.0,0.0,0.0,0.0,0.0,0.0,0.0,0.0,0.0,0.0,0.0,0.0,0.0,0.0,0.0,0.0,0.0,0.0,0.0,0.0,0.0,0.0,0.0,0.0,0.0,1.0,0.0,4.0,1.0,0.0,0.0,1.0,1.0,1.0,1.0,0.0,0.0,5.0,Low Rating and Medium Cost,5
Janki Vaishno Dhaba,"WZ 712, Shop 2, Tihar Village, Jail Road, New Delhi",919958697534,4.1,400,Vegetable Chowmein|Tawa Chaap|Shahi Paneer|Dal Makhni|,West Delhi,0.0,0.0,0.0,0.0,0.0,0.0,0.0,0.0,0.0,0.0,0.0,0.0,0.0,0.0,0.0,0.0,0.0,0.0,0.0,0.0,0.0,0.0,0.0,0.0,0.0,0.0,0.0,0.0,0.0,0.0,0.0,0.0,0.0,0.0,0.0,0.0,0.0,0.0,0.0,0.0,1.0,0.0,0.0,0.0,1.0,1.0,0.0,1.0,0.0,0.0,3.0,High Rating and Medium Cost,0
Pizza Hut,"J-12/3, Rajouri Garden, New Delhi",911142316685,3.6,800,Tandoor Paneer Pizza|Choco Truffle Cake|Cheesy Garlic Bread|Pizzas|,West Delhi,1.0,1.0,1.0,1.0,1.0,0.0,0.0,0.0,0.0,0.0,0.0,0.0,0.0,0.0,0.0,0.0,0.0,0.0,0.0,0.0,0.0,0.0,0.0,0.0,0.0,0.0,0.0,0.0,0.0,0.0,0.0,0.0,0.0,0.0,0.0,0.0,0.0,0.0,0.0,0.0,6.0,1.0,1.0,0.0,1.0,0.0,0.0,1.0,0.0,0.0,4.0,Low Rating and High Cost,2
Godavari Bakers,"A4-C/A, Near Mota Singh School, Janakpuri, New Delhi",919910488548,4.0,100,Grilled Cheese Burger|Paneer Puff|Paneer Patty|Aloo Patty|Chocolate Truffle Pastry|,West Delhi,1.0,1.0,0.0,0.0,0.0,0.0,0.0,0.0,0.0,0.0,0.0,0.0,0.0,0.0,0.0,1.0,0.0,0.0,0.0,0.0,0.0,0.0,0.0,0.0,0.0,0.0,0.0,0.0,0.0,0.0,0.0,0.0,0.0,0.0,0.0,0.0,0.0,0.0,0.0,0.0,4.0,1.0,0.0,0.0,0.0,1.0,0.0,1.0,1.0,0.0,4.0,Low Rating and Low Cost,3
Prem Di Hatti,"J-1/162, Opposite City Square Mall, Rajouri Garden, New Delhi",919311666006,4.1,200,Chur Chur Naan Thali|Chola Bhatura|Lassi|Rajma Rice|Rajma Chawal|Soya Chaap|,West Delhi,0.0,0.0,0.0,0.0,0.0,0.0,1.0,0.0,0.0,1.0,0.0,0.0,0.0,0.0,0.0,0.0,0.0,0.0,0.0,0.0,0.0,0.0,0.0,0.0,0.0,0.0,0.0,0.0,0.0,0.0,0.0,0.0,0.0,0.0,0.0,0.0,0.0,0.0,0.0,0.0,3.0,0.0,0.0,0.0,1.0,0.0,0.0,1.0,0.0,0.0,2.0,High Rating and Low Cost,1
The Burger Club,"Z 9, Opposite Metro Pillar 420, Rajouri Garden, New Delhi",911135714287,4.2,0,New Zealand style burger|,West Delhi,0.0,1.0,0.0,1.0,0.0,0.0,0.0,0.0,0.0,0.0,0.0,0.0,0.0,0.0,1.0,0.0,0.0,0.0,0.0,0.0,0.0,0.0,0.0,1.0,0.0,0.0,0.0,0.0,0.0,0.0,0.0,1.0,0.0,0.0,0.0,0.0,0.0,0.0,0.0,0.0,6.0,1.0,0.0,0.0,1.0,0.0,1.0,0.0,0.0,0.0,3.0,High Rating and Low Cost,1
Apna Dhaba & Caterers,"Street 2, BE 335, Hari Nagar, Mayapuri Phase 2, New Delhi",911125122134,4.0,300,Rajma Chawal|Naan|Thali|Chaap|,West Delhi,0.0,0.0,0.0,0.0,0.0,0.0,1.0,0.0,0.0,0.0,0.0,0.0,0.0,0.0,0.0,0.0,0.0,0.0,0.0,0.0,0.0,0.0,0.0,0.0,0.0,0.0,0.0,0.0,0.0,0.0,0.0,0.0,0.0,0.0,0.0,0.0,0.0,0.0,0.0,0.0,2.0,1.0,0.0,0.0,1.0,1.0,1.0,1.0,0.0,0.0,5.0,Low Rating and Medium Cost,5
Anjlika,"6/78, Ajmal Khan Road, Karol Bagh, New Delhi",911145609610,4.0,100,Pastries|Cookies|Cakes|Sandwiches|Snacks|Cold Coffee|,West Delhi,0.0,1.0,0.0,1.0,1.0,1.0,0.0,0.0,0.0,0.0,0.0,0.0,0.0,0.0,0.0,1.0,0.0,0.0,0.0,0.0,0.0,0.0,0.0,0.0,0.0,0.0,0.0,0.0,0.0,0.0,0.0,0.0,0.0,0.0,0.0,0.0,0.0,1.0,0.0,0.0,7.0,1.0,1.0,0.0,0.0,0.0,0.0,1.0,0.0,0.0,3.0,Low Rating and Low Cost,3
Standard Snacks & Restaurant,"B-10/12, Raja Garden Chowk, Raja Garden, New Delhi",911165451541,4.2,450,Paneer Pakora|Lassi|Sweets|Chole Bhature|Snacks|,West Delhi,0.0,0.0,0.0,1.0,0.0,0.0,1.0,0.0,0.0,1.0,0.0,1.0,0.0,0.0,0.0,0.0,0.0,0.0,0.0,0.0,0.0,0.0,0.0,0.0,0.0,0.0,0.0,0.0,0.0,0.0,0.0,0.0,0.0,0.0,0.0,0.0,0.0,0.0,0.0,0.0,5.0,0.0,0.0,1.0,1.0,0.0,0.0,1.0,0.0,0.0,3.0,High Rating and Medium Cost,0
McDonald's,"Phase 1, Industrial Area, Near PVR Mulltiplex, Naraina, New Delhi",917838592520,4.2,400,Classic Burgers and Fries|,West Delhi,0.0,1.0,0.0,1.0,0.0,0.0,0.0,0.0,0.0,0.0,0.0,0.0,0.0,0.0,1.0,0.0,0.0,0.0,0.0,0.0,0.0,0.0,0.0,1.0,0.0,0.0,0.0,0.0,0.0,0.0,0.0,0.0,0.0,0.0,0.0,0.0,0.0,0.0,0.0,0.0,5.0,1.0,0.0,0.0,1.0,1.0,1.0,1.0,0.0,0.0,5.0,High Rating and Medium Cost,0
Roshan Di Kulfi,"2816, Block 34P, Ajmal Khan Road, Karol Bagh, New Delhi",911128724230,4.0,0,Street food and Kulfis|,West Delhi,0.0,0.0,0.0,1.0,1.0,0.0,1.0,1.0,0.0,1.0,0.0,1.0,0.0,0.0,0.0,0.0,0.0,0.0,0.0,0.0,0.0,0.0,0.0,0.0,0.0,0.0,0.0,0.0,0.0,0.0,0.0,0.0,0.0,0.0,0.0,0.0,0.0,0.0,0.0,0.0,7.0,0.0,0.0,0.0,1.0,1.0,1.0,1.0,0.0,0.0,4.0,Low Rating and Low Cost,3
La Pino'z Pizza,"J 13/47, Rajouri Garden, New Delhi",918384051464,4.1,500,Cheese Burst Crust|Cheesy Garlic Bread|Panneer Butter Masala|Choco Lava Cake|Margherita Pizza|Veg Pizza|,West Delhi,1.0,1.0,1.0,1.0,1.0,0.0,0.0,0.0,0.0,0.0,0.0,0.0,0.0,0.0,0.0,0.0,0.0,0.0,0.0,0.0,0.0,0.0,0.0,0.0,0.0,0.0,0.0,0.0,0.0,0.0,0.0,0.0,0.0,0.0,1.0,0.0,0.0,0.0,0.0,0.0,7.0,0.0,0.0,0.0,1.0,1.0,0.0,1.0,1.0,0.0,4.0,High Rating and Medium Cost,0
Aggarwal Sweets,"Community Center, Near PVR Cinema, Naraina, New Delhi",919213480759,3.8,100,None,West Delhi,0.0,0.0,0.0,0.0,0.0,0.0,0.0,0.0,0.0,1.0,0.0,0.0,1.0,0.0,0.0,0.0,0.0,0.0,0.0,0.0,0.0,0.0,0.0,0.0,0.0,0.0,0.0,0.0,0.0,0.0,0.0,0.0,0.0,0.0,0.0,0.0,0.0,0.0,0.0,0.0,3.0,0.0,0.0,0.0,0.0,0.0,0.0,0.0,0.0,0.0,0.0,Low Rating and Low Cost,3
Aalam Chicken Corner,"BE 324, Street 4, Hari Nagar, Mayapuri Phase 2, New Delhi",919873241190,4.2,150,Changezi Chicken|Chicken Korma|Chicken Curry|Butter Chicken|,West Delhi,0.0,0.0,0.0,0.0,0.0,0.0,0.0,0.0,0.0,0.0,0.0,0.0,0.0,0.0,0.0,0.0,0.0,0.0,0.0,0.0,0.0,0.0,0.0,0.0,0.0,0.0,0.0,0.0,0.0,0.0,0.0,0.0,0.0,0.0,0.0,0.0,0.0,0.0,0.0,0.0,1.0,0.0,0.0,0.0,1.0,0.0,0.0,1.0,0.0,0.0,2.0,High Rating and Low Cost,1
Punjabi Angithi,"32-22, A 4, DDA Market, Paschim Vihar, New Delhi",918470099099,4.1,500,Bhuna Chaap Masala|Paneer Tikka Tandoori|Tawa Tikka Masala|Paneer Kurkure|Handi Paneer|Butter Garlic Noodles|,West Delhi,0.0,0.0,0.0,0.0,0.0,1.0,1.0,1.0,1.0,1.0,0.0,0.0,0.0,0.0,0.0,0.0,0.0,0.0,0.0,0.0,0.0,0.0,0.0,0.0,0.0,0.0,0.0,0.0,0.0,0.0,0.0,0.0,0.0,0.0,0.0,0.0,0.0,0.0,0.0,0.0,6.0,0.0,0.0,0.0,1.0,1.0,1.0,0.0,0.0,0.0,3.0,High Rating and Medium Cost,0
Berco's - If You Love Chinese,"S 26, Janta Market, Rajouri Garden, New Delhi",911143087333,4.0,900,Salt Pepper Chicken|Thai Crispy|Crispy Honey Chilli Potato|Juicy Chicken Drumsticks|Chicken Momo|Pad Thai Noodles|,West Delhi,0.0,0.0,0.0,0.0,0.0,0.0,0.0,1.0,1.0,0.0,0.0,0.0,0.0,0.0,0.0,0.0,0.0,0.0,0.0,0.0,0.0,0.0,0.0,0.0,0.0,0.0,0.0,0.0,0.0,0.0,0.0,0.0,1.0,0.0,0.0,0.0,0.0,0.0,0.0,0.0,4.0,1.0,1.0,0.0,1.0,0.0,1.0,0.0,0.0,0.0,4.0,High Rating and High Cost,4
Food Of Dreams,"A 4, 38, DDA Market, Paschim Vihar, New Delhi",918860068404,4.1,250,Kurkure Momo|Panneer Butter Masala|Chilli Paneer Dry|Tandoori Platter|Honey Chilli Potatoes|Daal Makhni|,West Delhi,0.0,1.0,0.0,0.0,0.0,1.0,1.0,1.0,0.0,1.0,0.0,0.0,0.0,0.0,0.0,0.0,0.0,0.0,1.0,0.0,0.0,0.0,0.0,0.0,0.0,0.0,0.0,0.0,0.0,0.0,0.0,0.0,0.0,0.0,0.0,0.0,0.0,0.0,0.0,0.0,7.0,0.0,0.0,0.0,1.0,1.0,0.0,0.0,1.0,1.0,3.0,High Rating and Medium Cost,0
Dawat E King,"House A/44, Shop 4A, Ground Floor, Near Rajouri Garden, New Delhi",919911441046,3.8,200,None,West Delhi,0.0,0.0,0.0,0.0,0.0,0.0,0.0,0.0,0.0,0.0,0.0,0.0,0.0,0.0,0.0,0.0,0.0,0.0,0.0,0.0,0.0,0.0,0.0,0.0,0.0,0.0,0.0,0.0,0.0,0.0,0.0,0.0,0.0,0.0,0.0,0.0,0.0,0.0,0.0,0.0,1.0,0.0,0.0,0.0,0.0,0.0,0.0,0.0,0.0,0.0,0.0,Low Rating and Low Cost,3
Kashi Ram Chole Kulche Wala,"E 195, Naraina Vihar, Naraina, New Delhi",917011128130,4.2,200,None,West Delhi,0.0,0.0,0.0,0.0,0.0,0.0,0.0,0.0,0.0,1.0,0.0,0.0,0.0,0.0,0.0,0.0,0.0,0.0,0.0,0.0,0.0,0.0,0.0,0.0,0.0,0.0,0.0,0.0,0.0,0.0,0.0,0.0,0.0,0.0,0.0,0.0,0.0,0.0,0.0,0.0,2.0,0.0,0.0,0.0,1.0,0.0,0.0,1.0,0.0,0.0,2.0,High Rating and Low Cost,1
24 Seven Tawa & Tandoor,"D-25, Ist Floor, Chankya Place, Uttam Nagar, Sector 2, Dwarka, New Delhi",919313550126,3.7,250,Soya Chaap Masala|Panneer Butter Masala|Handi Chicken|Chilli Potatoes|Chicken Curry|Roti|,West Delhi,0.0,0.0,0.0,0.0,0.0,1.0,1.0,1.0,1.0,0.0,1.0,0.0,0.0,0.0,0.0,0.0,0.0,0.0,0.0,0.0,0.0,0.0,0.0,0.0,0.0,0.0,0.0,0.0,0.0,0.0,0.0,0.0,0.0,0.0,0.0,0.0,0.0,0.0,0.0,0.0,6.0,0.0,0.0,0.0,1.0,1.0,1.0,0.0,0.0,0.0,3.0,Low Rating and Low Cost,3
Dhaba Food,"129, MPL Plcae Circus, Near Super Bazar, Connaught Place, New Delhi",919971559206,4.4,100,Chole Rice|Rajma Chawal|Papad|Lassi|Chole Bhature|,Central Delhi,0.0,0.0,0.0,1.0,0.0,0.0,1.0,0.0,0.0,0.0,0.0,0.0,0.0,0.0,0.0,0.0,0.0,0.0,0.0,0.0,0.0,0.0,0.0,0.0,0.0,0.0,0.0,0.0,0.0,0.0,0.0,0.0,0.0,0.0,0.0,0.0,0.0,0.0,0.0,0.0,3.0,1.0,0.0,0.0,0.0,1.0,0.0,1.0,0.0,0.0,3.0,High Rating and Low Cost,1
Radhey Shyam Subhash Kumar Special Chole Bhature,"Shop 7, Amrit Kaur Market, Opposite New Delhi Railway Station, Paharganj, New Delhi",919811103164,4.3,100,None,Central Delhi,0.0,0.0,0.0,0.0,0.0,0.0,1.0,0.0,0.0,0.0,0.0,0.0,0.0,0.0,0.0,0.0,0.0,0.0,0.0,0.0,0.0,0.0,0.0,0.0,0.0,0.0,0.0,0.0,0.0,0.0,0.0,0.0,0.0,0.0,0.0,0.0,0.0,0.0,0.0,0.0,2.0,0.0,0.0,0.0,0.0,1.0,0.0,1.0,1.0,0.0,3.0,High Rating and Low Cost,1
Domino's Pizza,"M 42, Connaught Place, New Delhi",911146564906,4.1,400,Veg Extravaganza Pizza|Deluxe Veggie Pizza|Veggie Paradise|Calzone Pockets|Stuffed Garlic Bread|Farmhouse Pizza|,Central Delhi,1.0,1.0,0.0,0.0,0.0,0.0,0.0,0.0,0.0,0.0,0.0,0.0,0.0,0.0,0.0,0.0,0.0,0.0,0.0,0.0,0.0,0.0,0.0,0.0,0.0,0.0,0.0,0.0,0.0,0.0,0.0,0.0,0.0,0.0,0.0,0.0,0.0,0.0,0.0,0.0,3.0,0.0,0.0,0.0,1.0,0.0,0.0,1.0,0.0,0.0,2.0,High Rating and Medium Cost,0
Bikkgane Biryani,"P-2/90, Opposite PVR Rivoli, Connaught Place, New Delhi",918929240883,4.0,0,Extensive range of Hyderabadi biryanis and array of tikkas|kebabs|and curries to choose from|,Central Delhi,0.0,0.0,0.0,0.0,0.0,0.0,1.0,0.0,0.0,0.0,1.0,0.0,0.0,0.0,0.0,0.0,0.0,0.0,1.0,0.0,1.0,0.0,0.0,0.0,0.0,0.0,0.0,0.0,0.0,0.0,1.0,0.0,0.0,0.0,0.0,0.0,0.0,0.0,0.0,0.0,6.0,1.0,0.0,0.0,1.0,0.0,0.0,1.0,0.0,0.0,3.0,Low Rating and Low Cost,3
Bangla Foods,"111-113, Bangla Sahib Marg, Gole Market, New Delhi",911123361246,4.1,300,Honey Chilli Potatoes|Noodle|Pastries|Pav Bhaji|Chole Bhature|Dosa|,Central Delhi,0.0,1.0,0.0,0.0,0.0,0.0,1.0,1.0,0.0,1.0,0.0,1.0,0.0,0.0,0.0,0.0,0.0,0.0,0.0,0.0,0.0,0.0,0.0,0.0,0.0,0.0,0.0,0.0,0.0,0.0,0.0,0.0,0.0,0.0,0.0,0.0,0.0,0.0,0.0,0.0,6.0,1.0,0.0,1.0,1.0,0.0,1.0,0.0,0.0,0.0,4.0,High Rating and Medium Cost,0
La Pino'z Pizza,"Shop 2, Old Rajinder Nagar Market, Karol Bagh, New Delhi",919312259224,3.9,500,None,Central Delhi,0.0,0.0,0.0,0.0,0.0,0.0,0.0,0.0,0.0,0.0,0.0,0.0,0.0,0.0,0.0,0.0,0.0,0.0,0.0,0.0,0.0,0.0,0.0,0.0,0.0,0.0,0.0,0.0,0.0,0.0,0.0,0.0,0.0,0.0,0.0,0.0,0.0,0.0,0.0,0.0,1.0,0.0,0.0,0.0,1.0,0.0,0.0,0.0,0.0,0.0,1.0,Low Rating and Medium Cost,5
Punjabi Angithi,"Shop 27, Ground Floor, DDA Market, CSC Satyawati Colony, Ashok Vihar Phase 3, New Delhi",919667790777,4.1,200,Palak Kofta|Tawa Chaap Masala|Tandoori Chaap|Veg Hakka Noodles|Paneer Tikka Masala|Paneer Lababdaar|,Central Delhi,0.0,0.0,0.0,0.0,0.0,1.0,1.0,1.0,1.0,1.0,0.0,0.0,0.0,0.0,0.0,0.0,0.0,0.0,0.0,0.0,0.0,0.0,0.0,0.0,0.0,0.0,0.0,0.0,0.0,0.0,0.0,0.0,0.0,0.0,0.0,0.0,0.0,0.0,0.0,0.0,6.0,1.0,0.0,0.0,0.0,1.0,0.0,1.0,1.0,0.0,4.0,High Rating and Low Cost,1
Nathu's Pastry Shop,"12 & 13, Bengali Market, Mandi House, New Delhi",919654892255,4.0,400,Veg Puff|Chicken Patties|Eclair|Croissant|Pastries|Cookies|,Central Delhi,1.0,1.0,0.0,1.0,0.0,0.0,0.0,0.0,0.0,0.0,0.0,0.0,0.0,0.0,0.0,1.0,0.0,0.0,0.0,0.0,0.0,0.0,0.0,0.0,0.0,0.0,0.0,0.0,0.0,0.0,0.0,0.0,0.0,0.0,0.0,0.0,0.0,0.0,0.0,0.0,5.0,1.0,1.0,0.0,1.0,1.0,0.0,1.0,0.0,0.0,5.0,Low Rating and Medium Cost,5
Saravana Bhavan,"50, Atul Grove Road, Janpath, New Delhi",911123317755,4.3,600,None,Central Delhi,0.0,0.0,0.0,1.0,1.0,0.0,0.0,0.0,0.0,0.0,0.0,1.0,0.0,0.0,0.0,0.0,0.0,0.0,0.0,0.0,0.0,0.0,0.0,0.0,0.0,0.0,0.0,0.0,0.0,0.0,0.0,0.0,0.0,0.0,0.0,0.0,0.0,0.0,0.0,1.0,5.0,0.0,0.0,0.0,1.0,0.0,0.0,0.0,0.0,0.0,1.0,High Rating and Medium Cost,0
Shudh Annapurna,"T2506, Elahi Baksh Road, Near Faiz Road, Karol Bagh, New Delhi",911143643436,4.1,100,Vegetable Chowmein|Fruit Cream|Lacha Paratha|Special Thali|Shahi Paneer|Dal Makhni|,Central Delhi,0.0,0.0,0.0,1.0,0.0,0.0,1.0,1.0,0.0,0.0,0.0,1.0,0.0,0.0,0.0,0.0,0.0,0.0,0.0,0.0,0.0,0.0,0.0,0.0,0.0,0.0,0.0,0.0,0.0,0.0,0.0,0.0,0.0,0.0,0.0,0.0,0.0,0.0,0.0,0.0,5.0,0.0,0.0,0.0,1.0,1.0,0.0,0.0,1.0,0.0,3.0,High Rating and Low Cost,1
Nazeer Foods,"M-42, Connaught Place, New Delhi",919899241401,3.9,600,None,Central Delhi,0.0,1.0,0.0,1.0,1.0,0.0,1.0,0.0,0.0,0.0,1.0,0.0,0.0,0.0,0.0,0.0,0.0,0.0,1.0,0.0,0.0,0.0,0.0,0.0,0.0,0.0,0.0,0.0,0.0,0.0,0.0,0.0,0.0,0.0,0.0,0.0,0.0,0.0,0.0,0.0,7.0,1.0,1.0,0.0,1.0,0.0,0.0,1.0,0.0,0.0,4.0,High Rating and High Cost,4
Biryani By Kilo,"N 79, 1st Floor, Pratap Building, N Block, Connaught Circle, Near Connaught Place, New Delhi",919555212212,4.1,800,Matka Phirni|Mutton Hyderabadi Biryani|Non Veg Biryani|Kolkata Chicken Biryani|Chicken Ghee Roast|Firni|,Central Delhi,0.0,0.0,0.0,0.0,1.0,0.0,1.0,0.0,0.0,0.0,1.0,0.0,0.0,0.0,0.0,0.0,0.0,0.0,1.0,1.0,1.0,0.0,0.0,0.0,0.0,0.0,0.0,0.0,0.0,0.0,0.0,0.0,0.0,0.0,0.0,0.0,0.0,0.0,0.0,0.0,7.0,1.0,0.0,0.0,1.0,1.0,1.0,0.0,0.0,0.0,4.0,High Rating and High Cost,4
Jain Chawal Wale,"P 1/90, Connaught Circus, Connaught Place, New Delhi",919911177118,4.0,450,Shahi Paneer Chawal|Salted Lassi|Soya Masala|Kadhi Chawal|Kadi Rice|Tawa Paratha|,Central Delhi,0.0,0.0,0.0,1.0,0.0,0.0,1.0,1.0,0.0,1.0,0.0,0.0,0.0,0.0,0.0,0.0,0.0,0.0,0.0,0.0,0.0,0.0,0.0,0.0,0.0,0.0,0.0,0.0,0.0,0.0,0.0,0.0,0.0,0.0,0.0,0.0,0.0,0.0,0.0,0.0,5.0,0.0,0.0,0.0,1.0,0.0,0.0,0.0,0.0,0.0,1.0,Low Rating and Medium Cost,5
The Dhaba Junction,"14 A/22 Ground Floor, WEA, Karol Bagh, New Delhi",911140349119,3.5,600,None,Central Delhi,0.0,1.0,0.0,1.0,0.0,0.0,1.0,1.0,0.0,0.0,0.0,0.0,0.0,0.0,0.0,0.0,0.0,0.0,1.0,0.0,0.0,0.0,0.0,0.0,0.0,0.0,0.0,0.0,0.0,0.0,0.0,0.0,0.0,0.0,0.0,0.0,0.0,0.0,0.0,0.0,6.0,0.0,0.0,0.0,1.0,1.0,0.0,0.0,0.0,0.0,2.0,Low Rating and High Cost,2
Aashirwad Restaurant,"B-31/125, Gali 4, Mangal Bazar Road, Guru Nanak Pura, Laxmi Nagar, New Delhi",919821901135,3.8,150,None,Central Delhi,0.0,0.0,0.0,0.0,0.0,0.0,1.0,1.0,0.0,0.0,0.0,0.0,0.0,0.0,0.0,0.0,0.0,0.0,0.0,0.0,0.0,0.0,0.0,0.0,0.0,0.0,0.0,0.0,0.0,0.0,0.0,0.0,0.0,0.0,0.0,0.0,0.0,0.0,0.0,0.0,3.0,0.0,0.0,0.0,0.0,0.0,0.0,0.0,0.0,0.0,0.0,Low Rating and Low Cost,3
Behrouz Biryani,"Shop 30, Gandhi Market, Minto Road, Connaught Place, New Delhi",917700050050,4.0,500,Paneer Subz Biryani|Bhuna Chicken|Gulab Jamun|Mutton|,Central Delhi,0.0,0.0,0.0,0.0,0.0,0.0,0.0,0.0,0.0,0.0,1.0,0.0,0.0,0.0,0.0,0.0,0.0,0.0,0.0,1.0,1.0,0.0,0.0,0.0,1.0,0.0,0.0,0.0,0.0,0.0,0.0,0.0,0.0,0.0,0.0,0.0,0.0,0.0,0.0,0.0,5.0,0.0,0.0,0.0,0.0,1.0,0.0,0.0,1.0,0.0,2.0,Low Rating and Medium Cost,5
Starbucks Coffee,"A-1, Hamilton House, Inner Circle, Connaught Place, New Delhi",919311592951,3.9,800,Caramel Frappucino|Iced Vanilla Latte|Vanilla Frappe|Java Chip Frappuccino|Caramel Macchiato|Wonderful Coffee|,Central Delhi,0.0,0.0,0.0,0.0,0.0,0.0,0.0,0.0,0.0,0.0,0.0,0.0,0.0,0.0,0.0,0.0,0.0,0.0,0.0,0.0,0.0,0.0,0.0,0.0,0.0,0.0,0.0,0.0,0.0,0.0,0.0,0.0,0.0,0.0,0.0,0.0,0.0,0.0,0.0,0.0,1.0,0.0,0.0,0.0,1.0,0.0,0.0,0.0,0.0,0.0,1.0,High Rating and High Cost,4
Bikanervala,"1st Floor, Rajiv Gandhi Handicraft Bhavan, Baba Kharak Singh Marg, Connaught Place, New Delhi",919717744986,3.8,500,Raj Kachori|Deluxe Thali|Rasmalai|Noodle|Pav Bhaji|Chole|,Central Delhi,0.0,1.0,0.0,1.0,1.0,0.0,1.0,1.0,0.0,1.0,0.0,0.0,1.0,0.0,0.0,0.0,0.0,0.0,0.0,0.0,0.0,0.0,0.0,0.0,0.0,0.0,0.0,0.0,0.0,0.0,0.0,0.0,0.0,0.0,0.0,0.0,0.0,0.0,0.0,0.0,8.0,1.0,0.0,0.0,1.0,0.0,0.0,0.0,0.0,0.0,2.0,Low Rating and Medium Cost,5
Nizam's Kathi Kabab,"Shop 7 & 8, Corner Market, Malviya Nagar, New Delhi",911141082600,4.3,500,Double Chicken Double Egg Roll|Keema Roll|Kathi Rolls|Kabab|Mutton Biryani|Chutney|,Central Delhi,0.0,0.0,0.0,1.0,0.0,1.0,1.0,0.0,0.0,0.0,0.0,0.0,0.0,0.0,0.0,0.0,0.0,0.0,1.0,1.0,0.0,0.0,0.0,0.0,0.0,0.0,0.0,0.0,0.0,0.0,0.0,0.0,0.0,0.0,0.0,0.0,0.0,0.0,0.0,0.0,6.0,1.0,1.0,1.0,1.0,1.0,0.0,0.0,0.0,0.0,5.0,High Rating and Medium Cost,0
Subway,"P 3/90, Baba Kharak Singh Marg, Opposite Rivoli Cinema, Connaught Place, New Delhi",919311994106,4.0,400,Customizable submarine sandwiches and salads|,Central Delhi,0.0,1.0,0.0,1.0,0.0,0.0,0.0,0.0,0.0,0.0,0.0,0.0,0.0,1.0,0.0,0.0,0.0,1.0,0.0,0.0,0.0,1.0,1.0,0.0,0.0,0.0,0.0,0.0,0.0,0.0,0.0,0.0,0.0,0.0,0.0,0.0,0.0,0.0,0.0,0.0,7.0,1.0,1.0,0.0,1.0,1.0,1.0,0.0,0.0,1.0,5.0,Low Rating and Medium Cost,5
Pizza Hut,"17A/54, Ground Floor, W.E.A., Tank Road, Karol Bagh, New Delhi",918447106305,3.6,800,None,Central Delhi,0.0,0.0,0.0,0.0,0.0,0.0,0.0,0.0,0.0,0.0,0.0,0.0,0.0,0.0,0.0,0.0,0.0,0.0,0.0,0.0,0.0,0.0,0.0,0.0,0.0,0.0,0.0,0.0,0.0,0.0,0.0,0.0,0.0,0.0,0.0,0.0,0.0,0.0,0.0,0.0,1.0,0.0,0.0,0.0,1.0,0.0,0.0,0.0,0.0,0.0,1.0,Low Rating and High Cost,2
Biryani Badshah,"Shop 2/90, C Circus, Connaught Place, New Delhi",911141516628,4.0,400,Andhra Prawn Fry|Panner Biryani|Biryani Combo Meal|Chicken Chettinadu|Murgh Malai|Mutton Boneless Biryani|,Central Delhi,0.0,0.0,0.0,0.0,0.0,0.0,1.0,0.0,0.0,0.0,1.0,0.0,0.0,0.0,0.0,0.0,0.0,0.0,1.0,0.0,1.0,0.0,0.0,0.0,0.0,0.0,0.0,0.0,0.0,0.0,1.0,0.0,0.0,0.0,0.0,0.0,0.0,0.0,0.0,0.0,6.0,1.0,0.0,0.0,1.0,0.0,1.0,1.0,0.0,0.0,4.0,Low Rating and Medium Cost,5
Bagundi Andhra Kitchen,"M-14, Outer Circle, Opposite Fire Station, Connaught Place, New Delhi",911140509889,4.1,800,Crab Fry|Guntur Idli|Andhra Fish Fry|Fry Prawns|Anda Curry|Chicken Thali|,Central Delhi,0.0,0.0,0.0,0.0,0.0,0.0,0.0,0.0,0.0,0.0,1.0,1.0,0.0,0.0,0.0,0.0,0.0,0.0,0.0,0.0,1.0,0.0,0.0,0.0,0.0,0.0,0.0,0.0,0.0,0.0,1.0,0.0,0.0,0.0,0.0,0.0,0.0,0.0,0.0,0.0,5.0,0.0,0.0,0.0,1.0,1.0,1.0,0.0,0.0,0.0,3.0,High Rating and High Cost,4
Wat-A-Burger - India Ka Burger,"A 25, Ground Floor, Connaught Place, New Delhi",919667743244,3.9,350,None,Central Delhi,0.0,1.0,0.0,1.0,1.0,0.0,0.0,0.0,0.0,0.0,0.0,0.0,0.0,0.0,1.0,0.0,0.0,1.0,0.0,0.0,0.0,0.0,0.0,0.0,0.0,0.0,0.0,0.0,0.0,0.0,0.0,0.0,0.0,1.0,0.0,0.0,0.0,0.0,0.0,0.0,7.0,0.0,0.0,0.0,1.0,1.0,0.0,0.0,0.0,0.0,2.0,Low Rating and Medium Cost,5
La Milano Pizzeria,"11A/19, Ground Floor, Rajinder Nagar, New Delhi",917310399991,3.7,300,None,Central Delhi,0.0,0.0,0.0,0.0,0.0,0.0,0.0,0.0,0.0,0.0,0.0,0.0,0.0,0.0,0.0,0.0,0.0,0.0,0.0,0.0,0.0,0.0,0.0,0.0,0.0,0.0,0.0,0.0,0.0,0.0,0.0,0.0,0.0,0.0,0.0,0.0,0.0,0.0,0.0,0.0,1.0,0.0,0.0,0.0,1.0,0.0,0.0,0.0,0.0,0.0,1.0,Low Rating and Medium Cost,5
McDonald's,"N-10, Outer Circle, Connaught Place, New Delhi",918588839324,4.3,0,Classic Burgers and Fries|,Central Delhi,0.0,1.0,0.0,1.0,0.0,0.0,0.0,0.0,0.0,0.0,0.0,0.0,0.0,0.0,1.0,0.0,0.0,0.0,0.0,0.0,0.0,0.0,0.0,1.0,0.0,0.0,0.0,0.0,0.0,0.0,0.0,0.0,0.0,0.0,0.0,0.0,0.0,0.0,0.0,0.0,5.0,1.0,1.0,1.0,1.0,0.0,1.0,0.0,0.0,0.0,5.0,High Rating and Low Cost,1
Haldiram's,"70, Janpath, New Delhi",918588027405,4.1,400,None,Central Delhi,0.0,0.0,0.0,1.0,1.0,0.0,1.0,1.0,0.0,1.0,0.0,1.0,0.0,0.0,0.0,0.0,0.0,0.0,0.0,0.0,0.0,0.0,0.0,0.0,0.0,0.0,0.0,0.0,0.0,0.0,0.0,0.0,0.0,0.0,0.0,0.0,0.0,0.0,0.0,0.0,7.0,1.0,0.0,0.0,1.0,0.0,1.0,1.0,0.0,0.0,4.0,High Rating and Medium Cost,0
Biryani Blues,"Showroom 9, Scindia House, Connaught Circus, Connaught Place, New Delhi",918010801000,4.1,400,Lamb Briyani|Chicken Nizami|Paneer65|Biryani Ka Badshah|Chicken65|Mirch Ka Salan|,Central Delhi,0.0,0.0,0.0,0.0,1.0,0.0,0.0,0.0,0.0,0.0,1.0,0.0,0.0,0.0,0.0,0.0,0.0,0.0,0.0,1.0,0.0,0.0,0.0,0.0,0.0,0.0,0.0,0.0,0.0,0.0,0.0,0.0,0.0,0.0,0.0,0.0,0.0,0.0,0.0,0.0,4.0,1.0,1.0,0.0,1.0,0.0,1.0,0.0,0.0,0.0,4.0,High Rating and Medium Cost,0
Khan Chacha,"D-3, Connaught Place, New Delhi",919205592804,4.2,500,Chicken Tikka Roomali Roll|Kathi Rolls|Chicken Seekh|Kababs|Phirni|Mutton Seekh|,Central Delhi,0.0,0.0,0.0,0.0,0.0,1.0,1.0,0.0,0.0,0.0,0.0,0.0,0.0,0.0,0.0,0.0,0.0,0.0,1.0,0.0,0.0,0.0,0.0,0.0,0.0,0.0,0.0,0.0,0.0,0.0,0.0,0.0,0.0,0.0,0.0,0.0,0.0,0.0,0.0,0.0,4.0,1.0,1.0,0.0,1.0,0.0,1.0,1.0,0.0,0.0,5.0,High Rating and Medium Cost,0
Annie's Kerala Kitchen,"23/1, Main Market, East Patel Nagar, New Delhi",918826004462,3.8,600,None,Central Delhi,0.0,0.0,0.0,0.0,0.0,0.0,0.0,1.0,0.0,0.0,1.0,1.0,0.0,0.0,0.0,0.0,0.0,0.0,0.0,0.0,0.0,0.0,0.0,0.0,0.0,0.0,0.0,0.0,0.0,0.0,0.0,0.0,0.0,0.0,0.0,1.0,1.0,0.0,0.0,0.0,6.0,0.0,0.0,0.0,1.0,0.0,0.0,0.0,0.0,0.0,1.0,High Rating and High Cost,4
Burger Singh - Big Punjabi Burgers,"H-45, Connaught Place, New Delhi",918767121212,4.2,400,Macho Burger|Jeera Soda|Potato Crunch|Chicken Bbq Wings|Keema Curry|Spicy Fries|,Central Delhi,0.0,1.0,0.0,0.0,0.0,0.0,0.0,0.0,1.0,0.0,0.0,0.0,0.0,0.0,1.0,0.0,0.0,0.0,0.0,0.0,0.0,0.0,0.0,0.0,0.0,0.0,0.0,0.0,0.0,0.0,0.0,0.0,0.0,0.0,0.0,0.0,0.0,0.0,0.0,0.0,4.0,0.0,0.0,1.0,1.0,0.0,0.0,0.0,0.0,0.0,2.0,High Rating and Medium Cost,0
Pind Balluchi,"1/3, Scindia House, Janpath, New Delhi",919910629368,4.0,400,Dal Balluchi|Soya Chaap Gravy|Kadhai Paneer Thali|Mushroom Kurkure|Tandoori Butter Roti|Mixed Vegetables|,Central Delhi,0.0,0.0,0.0,0.0,1.0,0.0,1.0,0.0,0.0,0.0,0.0,0.0,0.0,0.0,0.0,0.0,0.0,0.0,1.0,1.0,0.0,0.0,0.0,0.0,0.0,0.0,0.0,0.0,0.0,0.0,0.0,0.0,0.0,0.0,0.0,0.0,0.0,0.0,0.0,0.0,5.0,0.0,0.0,1.0,1.0,0.0,0.0,1.0,0.0,0.0,3.0,Low Rating and Medium Cost,5
KFC,"A 12, Inner Circle, A Block, Connaught Place, New Delhi",918042754444,4.2,400,Choco Lash|Lemon Mojito|Chicken Zinger|Zinger Burger|Chicken Bucket|Hot Wings|,Central Delhi,0.0,1.0,0.0,0.0,0.0,0.0,0.0,0.0,0.0,0.0,0.0,0.0,0.0,0.0,1.0,0.0,0.0,0.0,0.0,0.0,0.0,0.0,0.0,0.0,0.0,0.0,0.0,0.0,0.0,0.0,0.0,0.0,0.0,0.0,0.0,0.0,0.0,0.0,0.0,0.0,3.0,0.0,0.0,0.0,1.0,1.0,1.0,1.0,0.0,0.0,4.0,High Rating and Medium Cost,0
The Burger Club,"2, Arya Samaj Road, Karol Bagh, New Delhi",911140110180,4.0,700,Chocolate Blast|Devilled Chicken|Burgerking Burger|Coffee Frappuccino|Club Burger|Iced Mocha|,Central Delhi,0.0,1.0,0.0,1.0,0.0,0.0,0.0,0.0,0.0,0.0,0.0,0.0,0.0,0.0,1.0,0.0,0.0,0.0,0.0,0.0,0.0,0.0,0.0,1.0,0.0,0.0,0.0,0.0,0.0,0.0,0.0,1.0,0.0,0.0,0.0,0.0,0.0,0.0,0.0,0.0,6.0,1.0,1.0,0.0,1.0,1.0,0.0,0.0,0.0,0.0,4.0,High Rating and High Cost,4
Punjab Sweet Corner,"15-A/65, Ajmal Khan Road, Karol Bagh, New Delhi",911125755982,4.1,350,Poori Chole|Deluxe Thali|Golgappe|Kheer|Pav Bhaji|Chaat|,Central Delhi,0.0,1.0,0.0,1.0,1.0,0.0,1.0,1.0,0.0,0.0,0.0,1.0,0.0,0.0,0.0,0.0,0.0,0.0,0.0,0.0,0.0,0.0,0.0,0.0,0.0,0.0,0.0,0.0,0.0,0.0,0.0,0.0,0.0,0.0,0.0,0.0,0.0,0.0,0.0,0.0,7.0,0.0,0.0,1.0,1.0,1.0,0.0,1.0,0.0,0.0,4.0,High Rating and Medium Cost,0
Chinese Hut,"3/48, Double Storey, Central Road, Jangpura, New Delhi",919891038626,4.1,150,None,Central Delhi,0.0,0.0,0.0,0.0,0.0,1.0,0.0,1.0,1.0,0.0,0.0,0.0,0.0,0.0,0.0,0.0,0.0,0.0,0.0,0.0,0.0,0.0,0.0,0.0,0.0,0.0,0.0,0.0,0.0,0.0,0.0,0.0,0.0,0.0,0.0,0.0,0.0,0.0,0.0,0.0,4.0,0.0,0.0,0.0,0.0,0.0,0.0,0.0,0.0,0.0,0.0,High Rating and Low Cost,1
Apni Rasoi,"F 18, Hudson Lane, Opposite NDPL Office, Vijay Nagar, New Delhi",918527896213,4.0,350,Tandoori Malai Chaap|Panner Butter Masala|Mix Veg|Butter Naan|Raita|Malai Kofta|,Central Delhi,0.0,1.0,0.0,0.0,0.0,0.0,1.0,1.0,0.0,0.0,0.0,0.0,0.0,0.0,0.0,0.0,0.0,0.0,0.0,0.0,0.0,0.0,0.0,0.0,0.0,0.0,0.0,0.0,0.0,0.0,0.0,0.0,0.0,0.0,0.0,0.0,0.0,0.0,0.0,0.0,4.0,0.0,0.0,0.0,1.0,1.0,0.0,1.0,0.0,0.0,3.0,Low Rating and Medium Cost,5
Jhakkas Bombay Pav Bhaji,"E-20, Shree Krishna Mandir, Central Market, Lajpat Nagar 1, New Delhi",919818181829,4.0,200,None,Central Delhi,1.0,0.0,0.0,1.0,0.0,0.0,1.0,0.0,0.0,1.0,0.0,0.0,0.0,0.0,0.0,0.0,0.0,1.0,0.0,0.0,0.0,0.0,0.0,0.0,0.0,0.0,0.0,0.0,0.0,1.0,0.0,0.0,0.0,0.0,0.0,0.0,0.0,0.0,0.0,0.0,7.0,0.0,0.0,0.0,1.0,1.0,1.0,0.0,0.0,0.0,3.0,Low Rating and Low Cost,3
Burger King,"E-8, Inner Circle, Connaught Place, New Delhi",911143509889,4.2,400,Chicken Royale|Chic Burger|Mutton Whoppers|Blueberry Blast|Keema Crunch|King Size Burger|,Central Delhi,0.0,1.0,0.0,0.0,0.0,0.0,0.0,0.0,0.0,1.0,0.0,0.0,0.0,0.0,1.0,0.0,0.0,0.0,0.0,0.0,0.0,0.0,0.0,0.0,0.0,0.0,0.0,0.0,0.0,0.0,0.0,0.0,0.0,0.0,0.0,0.0,0.0,0.0,0.0,0.0,4.0,1.0,1.0,0.0,1.0,0.0,0.0,0.0,0.0,0.0,3.0,High Rating and Medium Cost,0
Delhi Darbar Dhaba,"7, NDMC Market, Babar Road, Near Bengali Market, Mandi House, New Delhi",911123324300,3.6,200,None,Central Delhi,0.0,1.0,0.0,0.0,0.0,0.0,1.0,1.0,0.0,0.0,0.0,0.0,0.0,0.0,0.0,0.0,0.0,0.0,1.0,0.0,0.0,0.0,0.0,0.0,0.0,0.0,0.0,0.0,0.0,0.0,0.0,0.0,0.0,0.0,0.0,0.0,0.0,0.0,0.0,0.0,5.0,0.0,0.0,0.0,0.0,1.0,0.0,1.0,0.0,0.0,2.0,Low Rating and Low Cost,3
Hira Sweets,"K 19/21, Connaught Place, New Delhi",919136587253,4.2,500,Paneer Dhokla|Kalakand|Deluxe Thali|Rasgulla|Raj Kachori|Rajma Rice|,Central Delhi,0.0,0.0,0.0,0.0,0.0,0.0,1.0,1.0,0.0,1.0,0.0,1.0,1.0,0.0,0.0,0.0,0.0,0.0,0.0,0.0,0.0,0.0,0.0,0.0,0.0,0.0,0.0,0.0,0.0,0.0,0.0,0.0,0.0,0.0,0.0,0.0,0.0,0.0,0.0,0.0,6.0,0.0,0.0,0.0,1.0,0.0,0.0,1.0,1.0,0.0,3.0,High Rating and Medium Cost,0
Sandoz,"L-9, Ground Floor, Connaught Place, New Delhi",918595951359,4.2,800,Fruit Punch Mocktail|Bhatti Chicken|Handi Chicken|Manchurian|Virgin Mojito|Garlic Naan|,Central Delhi,0.0,1.0,0.0,1.0,0.0,1.0,1.0,1.0,0.0,0.0,0.0,0.0,0.0,0.0,0.0,0.0,0.0,0.0,1.0,0.0,0.0,0.0,0.0,0.0,0.0,0.0,1.0,0.0,0.0,0.0,0.0,0.0,0.0,0.0,0.0,0.0,0.0,0.0,0.0,0.0,8.0,1.0,1.0,0.0,1.0,0.0,0.0,0.0,0.0,0.0,3.0,High Rating and High Cost,4
Sita Ram Diwan Chand,"2243, Chuna Mandi, Raj Guru Road, Paharganj, New Delhi",911123587380,4.1,0,Legendary choley bhature|,Central Delhi,0.0,0.0,0.0,0.0,0.0,0.0,1.0,0.0,0.0,0.0,0.0,0.0,0.0,0.0,0.0,0.0,0.0,0.0,0.0,0.0,0.0,0.0,0.0,0.0,0.0,0.0,0.0,0.0,0.0,0.0,0.0,0.0,0.0,0.0,0.0,0.0,0.0,0.0,0.0,0.0,2.0,0.0,0.0,1.0,1.0,1.0,0.0,1.0,0.0,1.0,4.0,High Rating and Low Cost,1
Swagat Dhaba,"5137, Main Bazaar, Paharganj, New Delhi",918929734255,4.1,300,None,Central Delhi,0.0,0.0,0.0,0.0,0.0,0.0,1.0,0.0,0.0,0.0,0.0,0.0,0.0,0.0,0.0,0.0,0.0,0.0,0.0,0.0,0.0,0.0,0.0,0.0,0.0,0.0,0.0,0.0,0.0,0.0,0.0,0.0,0.0,0.0,0.0,0.0,0.0,0.0,0.0,0.0,2.0,1.0,0.0,0.0,1.0,1.0,0.0,1.0,1.0,0.0,5.0,High Rating and Medium Cost,0
Nukkad Ramji Samosa Wala,"2E/6, Moti Bhavan, Near Jhandewalan Metro Station Gate 2, Karol Bagh, New Delhi",919899105636,3.9,50,None,Central Delhi,0.0,0.0,0.0,0.0,0.0,0.0,1.0,1.0,0.0,1.0,0.0,0.0,0.0,0.0,0.0,0.0,0.0,0.0,0.0,0.0,0.0,0.0,0.0,0.0,0.0,0.0,0.0,0.0,0.0,0.0,0.0,0.0,0.0,0.0,0.0,0.0,0.0,0.0,0.0,0.0,4.0,0.0,0.0,0.0,0.0,0.0,0.0,0.0,0.0,0.0,0.0,Low Rating and Low Cost,3
