Name,Address,Phone,Rating,AvgCost,Known For,Popular Dishes,Cuisine,Reviews,Location
Pizza Hut,"17 & 18, Corner Market, Malviya Nagar, New Delhi",+918929647587,3.7,800,Casual Seating Area|Prompt Service|Reasonable Prices|Ambiance|Quality|Good Food|,,Pizza|Fast Food|Pasta|Beverages|Desserts|,Dining|Delivery|Casual Seating Area|Prompt Service|Reasonable Prices|Ambiance|Quality|Good Food|,South Delhi
RollsKing,"Shop 2, 10/127, Malviya Nagar, New Delhi",+919560101636,3.9,300,Pocket Friendly|Tasty|Contactless Delivery|Best Place|Staff|Prices|,,Rolls|Fast Food|North Indian|Beverages|,Dining|Delivery|Pocket Friendly|Tasty|Contactless Delivery|Best Place|Staff|Prices|,South Delhi
Punjabi Angithi,"84, Ground Floor, Left Corner, Behind Hero Showroom, Shri Aurbindo Marg, Adchini, New Delhi",+911149952492,4.0,200,Fast Delivery Service|Cute Packaging|Food Presentation|Food Taste|Reasonable Prices|Worth the Money|,Chilly Momo|Veg Noodles|Dal|Momos|,North Indian|Chinese|Rolls|Momos|Street Food|Pasta|,Chilly Momo|Veg Noodles|Dal|Momos|Fast Delivery Service|Cute Packaging|Food Presentation|Food Taste|Reasonable Prices|Worth the Money|,South Delhi
Chicago Pizza,"8-A, Hauz Khas Village, New Delhi",+919540937301,3.7,700,Comforting Atmosphere|Spill Proof Packaging|Friendly Staff|Excellent Service|Owner|Perfect Presentation|,Paneer Delight Pizza|Chicago Pizza|Pizzas|Drink|,Pizza|Fast Food|,Dining|Delivery|Paneer Delight Pizza|Chicago Pizza|Pizzas|Drink|Comforting Atmosphere|Spill Proof Packaging|Friendly Staff|Excellent Service|Owner|Perfect Presentation|,South Delhi
BOX8 - Desi Meals,"F5, Ground Floor, Gautam Nagar, Gulmohar Park Road, Hauz Khas, New Delhi",+918068172526,4.3,250,Customizable Food|Good Taste|Elaborate Menu|Fresh Food|Good Quality|Quantity|,,North Indian|Biryani|Desserts|,Customizable Food|Good Taste|Elaborate Menu|Fresh Food|Good Quality|Quantity|,South Delhi
Masala Kitchen,"92-G/1, Partap Market, Munirka, New Delhi",+911126108509,3.8,350,Drive through|Nice Crowd|Low Price|Great Recommendations|Polite Staff|Fast Delivery|,Aloo Jeera|Deluxe Thali|Chole|Malai Chaap|Raita|Rice|,North Indian|South Indian|,Dining|Delivery|Aloo Jeera|Deluxe Thali|Chole|Malai Chaap|Raita|Rice|Drive through|Nice Crowd|Low Price|Great Recommendations|Polite Staff|Fast Delivery|,South Delhi
Bikanervala,"Satya Marg, Yashwant Place Commercial Complex, Chanakyapuri, New Delhi",+911124100219,4.2,500,Parking Space Available|Hygienic Place|Young Crowd|Good Place|Great Place|Great Food|,Deluxe Thali|Kachori|Samosa|Sweets|Chole Bhature|Snacks|,Mithai|North Indian|Chinese|Fast Food|Street Food|Desserts|Beverages|,Dining|Delivery|Deluxe Thali|Kachori|Samosa|Sweets|Chole Bhature|Snacks|Parking Space Available|Hygienic Place|Young Crowd|Good Place|Great Place|Great Food|,South Delhi
Domino's Pizza,"S-27, Ground Floor, Main Market, Green Park, New Delhi",+911141033574,3.8,400,Lip Smacking Food|Low Price|Excellent Service|Courteous Staff|Good Service|Experience|,,Pizza|Fast Food|,Dining|Delivery|Lip Smacking Food|Low Price|Excellent Service|Courteous Staff|Good Service|Experience|,South Delhi
Faasos - Wraps & Rolls,"Shop G-1B, K84, Ashirwad Complex, Green Park, New Delhi",+917700020020,4.2,200,Combo|Flavour|Good Food|Food Quality|Spicy|Prices|,Chicken Wrap|Wraps|Rolls|Biryani|,Rolls|Wraps|Fast Food|,Chicken Wrap|Wraps|Rolls|Biryani|Combo|Flavour|Good Food|Food Quality|Spicy|Prices|,South Delhi
Kwality Wall�s Frozen Dessert and Ice Cream Shop,"House 88, Ground Floor R/S Humayunpur, Safdarjung, New Delhi",+917982630466,4.3,100,,,,,South Delhi
Burger King,"Shop 102, First Floor, DLF South Square, Sarojini Nagar, New Delhi",+919899391814,4.1,400,Drive through|Servicing|Favorite Place|Prompt Service|Great Recommendations|Fast Service|,Italian Fries|Fried Cheese|Ice Cream Sundae|Burgers|,Burger|Fast Food|Street Food|,Dining|Delivery|Italian Fries|Fried Cheese|Ice Cream Sundae|Burgers|Drive through|Servicing|Favorite Place|Prompt Service|Great Recommendations|Fast Service|,South Delhi
Bakingo,"141 B, Ground Floor, Shahpur Jat, New Delhi",+919599450038,4.1,350,Awesome Service|Delivery Time|Proper Packaging|Worth the Money|Food Presentation|Timely Service|,Butterscotch Pastry|Chocolate Truffle|Pastries|Red Velvet Cake|Cakes|,Bakery|Desserts|,Butterscotch Pastry|Chocolate Truffle|Pastries|Red Velvet Cake|Cakes|Awesome Service|Delivery Time|Proper Packaging|Worth the Money|Food Presentation|Timely Service|,South Delhi
Chaayos Chai+Snacks=Relax,"Shop 1, S 23, Ground Floor, Main Market, Green Park, New Delhi",+919599598307,4.0,300,Good Food Good Quantity|Sit and Read|Cashless Payments|Staff Behaviour|Packed on Weekends|Delivery Time|,Bun Bhujia|Cheese Chilli Toast|Poha|Pav Bhaji|,Tea|Beverages|Sandwich|Fast Food|Street Food|,Dining|Delivery|Bun Bhujia|Cheese Chilli Toast|Poha|Pav Bhaji|Good Food Good Quantity|Sit and Read|Cashless Payments|Staff Behaviour|Packed on Weekends|Delivery Time|,South Delhi
Nazeer Foods,"C-5, Ground Floor, Main Market, Malviya Nagar, New Delhi",+919891747171,3.9,600,Good for Large Groups|Quality of Food|Ample Seating Area|Staff Behaviour|Food Delivery|Good Value|,Chicken Taka Tak Roll|Mutton Nahari|Firni|Afghan Chicken|Khameeri Roti|Chicken Spring Roll|,North Indian|Mughlai|Biryani|Fast Food|Beverages|Desserts|,Dining|Delivery|Chicken Taka Tak Roll|Mutton Nahari|Firni|Afghan Chicken|Khameeri Roti|Chicken Spring Roll|Good for Large Groups|Quality of Food|Ample Seating Area|Staff Behaviour|Food Delivery|Good Value|,South Delhi
Burger Singh - Big Punjabi Burgers,"Building 288, Ground Floor, Satya Niketan, Moti Bagh, New Delhi",+919891055376,4.2,150,,,Burger|Fast Food|Momos|Beverages|Desserts|,,South Delhi
The Betel Leaf Co - Originally from Bangalore,"129 A, Near Purana Shiv Mandir, Shahpur Jat, New Delhi",+916366681111,4.0,200,Paan The Healthy Indian Dessert|,,,,South Delhi
Biryani Blues,"Building 2, Ground Floor, Corner Market, Maharishi Dayanand Marg, Malviya Nagar, New Delhi",+918010801000,4.1,400,Comfortable Seating Area|Family Place|Serving Size|Packed on Weekends|Customer Service|Nice Ambience|,Chocolate Cup|Masala Paneer|Chicken Tenders|Authentic Hyderabadi Biryani|Mirchi Ka Salan|Paneer Biryani|,Biryani|Kebab|Desserts|,Dining|Delivery|Chocolate Cup|Masala Paneer|Chicken Tenders|Authentic Hyderabadi Biryani|Mirchi Ka Salan|Paneer Biryani|Comfortable Seating Area|Family Place|Serving Size|Packed on Weekends|Customer Service|Nice Ambience|,South Delhi
KFC,"Shop DSS 24, 25, 26, 27, 28, 29, Ground Floor, DLF South Square, Sarojini Nagar, New Delhi",+918042754444,3.9,400,,,Burger|Fast Food|,Dining|Delivery|,South Delhi
Biryani By Kilo,"250, Shahpur Jat, New Delhi",+919212199888,4.2,450,Delivery Person|Great Packaging|Food Presentation|Great Taste|Flavour|Amazing Taste|,Mutka Phirni|Mirch Ka Saalan|Veg Galouti Kebab|Hyderabadi Chicken|Hyderabadi Veg Biryani|Kolkata Chicken Biryani|,Biryani|Hyderabadi|North Indian|Kebab|Mughlai|Desserts|,Mutka Phirni|Mirch Ka Saalan|Veg Galouti Kebab|Hyderabadi Chicken|Hyderabadi Veg Biryani|Kolkata Chicken Biryani|Delivery Person|Great Packaging|Food Presentation|Great Taste|Flavour|Amazing Taste|,South Delhi
Subway,"C 8, SDA Market, Opposite IIT Main Gate, SDA, New Delhi",+911146232200,3.8,400,Healthy Food|Reasonable Prices|Perfect Presentation|Cute Packaging|Staff|Great Place|,Customizable submarine sandwiches and salads|,Healthy Food|Fast Food|Sandwich|Salad|Wraps|Beverages|,Dining|Delivery|Healthy Food|Reasonable Prices|Perfect Presentation|Cute Packaging|Staff|Great Place|,South Delhi
McDonald's,"109 & 110, Ground & 1st Floor, DLF South Square, Sarojini Nagar, New Delhi",+917838006400,4.2,0,Veg Pizza Mcpuff|Mc Veggie|Mcaloo Tikki Burger|Happy Meal|Peri Fries|Burgers|,Classic Burgers and Fries|,Burger|Fast Food|Beverages|Coffee|,Dining|Delivery|Veg Pizza Mcpuff|Mc Veggie|Mcaloo Tikki Burger|Happy Meal|Peri Fries|Burgers|Economical|Pocket Friendly|Great Ambiance|Polite Staff|Meals|Good Place|,South Delhi
Behrouz Biryani,"Green Park, New Delhi",+917700050050,4.2,500,Good Packaging|Packing|Portion|Flavour|Quality|Food|,Mint Raita|Briyani|Gulab Jamun|Dessert|,Biryani|Kebab|Hyderabadi|Lucknowi|,Mint Raita|Briyani|Gulab Jamun|Dessert|Good Packaging|Packing|Portion|Flavour|Quality|Food|,South Delhi
Saturn Express,"77 B, Humayunpur, Safdarjung, New Delhi",+911126715111,4.1,200,Great Recommendations|Contactless Delivery|Excellent Food|Best Food|Worth the Money|Portion Size|,Chicken Tandoori Sandwich|Panneer Butter Masala|Butter Roti|Dal Makhani|Butter Naan|Butter Chicken|,Fast Food|North Indian|Chinese|Mughlai|Street Food|Biryani|Sichuan|,Chicken Tandoori Sandwich|Panneer Butter Masala|Butter Roti|Dal Makhani|Butter Naan|Butter Chicken|Great Recommendations|Contactless Delivery|Excellent Food|Best Food|Worth the Money|Portion Size|,South Delhi
Haldiram's,"R-11, Plot 11, Block-R, Uphaar Complex, Main Market, Green Park, New Delhi",+918376846772,4.1,450,Served Quickly|Portions|Packing|Quality|Staff|Food|,,North Indian|Chinese|South Indian|Street Food|Desserts|Continental|Beverages|,Dining|Delivery|Served Quickly|Portions|Packing|Quality|Staff|Food|,South Delhi
Wendy's,"AB-9A, 2nd Floor, Safdarjung Enclave Market, Hauz Khaz, Safdarjung, New Delhi",+919152987612,4.0,200,,,Burger|Fast Food|American|Beverages|,,South Delhi
Theobroma,"Shop 2, C 11, Ground Floor, Mezzanine Floor, Safdurjung Development Area, Community Centre, SDA, New Delhi",+918182881881,4.4,300,Pretty Decor|Coffee Date|Great Value|Interior|Courteous Staff|Nice Ambience|,Millionaire Brownie|Opium Pastry|Cookie Brownie|Hazelnut Mousse|Chocolate Walnut|Walnut Brownie|,Bakery|Desserts|,Dining|Delivery|Millionaire Brownie|Opium Pastry|Cookie Brownie|Hazelnut Mousse|Chocolate Walnut|Walnut Brownie|Pretty Decor|Coffee Date|Great Value|Interior|Courteous Staff|Nice Ambience|,South Delhi
WOW! Momo,"8-A, Hauz Khas Village, New Delhi",+919147116042,4.1,400,Casual Seating Area|Economical|Interior|Cutlery|Concept|Decent Place|,Momos Augratin|Chocolate Momo|Momo Burger|Schezwan Chicken|Sizzlers|Veg Momos|,Momos|Fast Food|Tibetan|,Dining|Delivery|Momos Augratin|Chocolate Momo|Momo Burger|Schezwan Chicken|Sizzlers|Veg Momos|Casual Seating Area|Economical|Interior|Cutlery|Concept|Decent Place|,South Delhi
Jhakkas Bombay Pav Bhaji,"E-20, Shree Krishna Mandir, Central Market, Lajpat Nagar 1, New Delhi",+919818181829,4.0,200,Drive through|Chirpy Crowd|Good Portions|Cozy Ambiance|Street Food|Great Recommendations|,,Street Food|Maharashtrian|North Indian|Pizza|Sandwich|Beverages|,Dining|Delivery|Drive through|Chirpy Crowd|Good Portions|Cozy Ambiance|Street Food|Great Recommendations|,South Delhi
Bikkgane Biryani,"252, 2nd Floor, Shahpur Jat, New Delhi",+911140192919,3.9,0,Gulab Jamun Bomb|Andhra Chicken Fry|Mutton Dry Roast|Veg Handi Biryani|Paneer 65|Dessert Counter|,Extensive range of Hyderabadi biryanis and array of tikkas|kebabs|and curries to choose from|,Biryani|North Indian|Mughlai|Hyderabadi|Andhra|,Gulab Jamun Bomb|Andhra Chicken Fry|Mutton Dry Roast|Veg Handi Biryani|Paneer 65|Dessert Counter|Yummy Dishes|Unique Menu|Fast Delivery Service|Friendly Place|Good Portion Size|Best Services|,South Delhi
La Pino'z Pizza,"HPCL Evergreen Service, Station Mehrauli Road, Green Park, New Delhi",+919319029187,3.9,200,,,,,South Delhi
RP's Rice Bowlz,"50 D, Savitri Nagar, Main Road, Malviya Nagar, New Delhi",+919654848584,3.9,200,Best Food|Tasty|Reasonable Prices|Delicious Taste|Tamper Proof Packaging|Packing|,Standard Thali|Deluxe Veg Thali|Paneer Parantha|Chicken Tikka Masala|Rice Bowl|Rajma|,North Indian|South Indian|Mughlai|Chinese|Fast Food|,Standard Thali|Deluxe Veg Thali|Paneer Parantha|Chicken Tikka Masala|Rice Bowl|Rajma|Best Food|Tasty|Reasonable Prices|Delicious Taste|Tamper Proof Packaging|Packing|,South Delhi
Sagar Ratna,"Ground Floor, DLF South Square, Sarojini Nagar, New Delhi",+919971481424,4.0,600,Relaxed Atmosphere|Comfortable Seating Area|Courteous Staff|Good Ambience|Ambiance|Quantity|,,South Indian|North Indian|Desserts|Beverages|,Dining|Delivery|Relaxed Atmosphere|Comfortable Seating Area|Courteous Staff|Good Ambience|Ambiance|Quantity|,South Delhi
The Burger Club,"1st Floor, DLF South Square, Sarojini Nagar, New Delhi",+919560349272,3.9,700,Cost Worthy|Service is Great|Behavior|Cheap|Good Crowd|Seating Arrangements|,Club Burger|Spicy Chicken|French Fries|Chicken Burger|Cheesy Fries|Burgers|,Cafe|Coffee|Burger|Fast Food|Beverages|,Dining|Delivery|Club Burger|Spicy Chicken|French Fries|Chicken Burger|Cheesy Fries|Burgers|Cost Worthy|Service is Great|Behavior|Cheap|Good Crowd|Seating Arrangements|,South Delhi
Burger Singh - Big Punjabi Burgers,"194, Pocket D-14, TF Block, Sector 7, Rohini, New Delhi",+918767121212,4.0,150,Good Wifi|Customizable Food|Good Taste|Elaborate Menu|Fresh Food|Proper Packaging|,,Burger|Fast Food|American|Desserts|Beverages|,Good Wifi|Customizable Food|Good Taste|Elaborate Menu|Fresh Food|Proper Packaging|,North Delhi
McDonald's,"Shop GA-1 & GA- 3, Ground Floor, Metro Walk Mall, Sector 10, Rohini, New Delhi",+919899974396,4.1,400,Cashless Payments|Order Online|Good Wifi|Family Crowd|Young Crowd|Student Crowd|,,Burger|Fast Food|Beverages|Coffee|,Dining|Delivery|Cashless Payments|Order Online|Good Wifi|Family Crowd|Young Crowd|Student Crowd|,North Delhi
BTW,"1, Garg Trade Center, Sector 11, Rohini, New Delhi",+911142331777,3.9,400,Drive through|Office Crowd|Street Food|Nice Taste|Prompt Service|Hygiene|,Badam Milkshake|Matar Kulcha|Pao Bhaji|Chole|Platter|Snacks|,North Indian|South Indian|Chinese|Mithai|,Dining|Delivery|Badam Milkshake|Matar Kulcha|Pao Bhaji|Chole|Platter|Snacks|Drive through|Office Crowd|Street Food|Nice Taste|Prompt Service|Hygiene|,North Delhi
Berco's - If You Love Chinese,"GA-06, Metro Walk Mall, Rohini, New Delhi",+919311777663,4.0,900,Service is Great and Fast|Good Server|Relaxed Atmosphere|Themed Decor|Excellent Hospitality|Quality of Food|,Butter Pepper Garlic Noodles|Crispy Prawns|Panfried Noodles|Barbeque Chicken|Crispy Chilli Potatoes|Singapori Noodles|,Chinese|Momos|Asian|,Dining|Delivery|Butter Pepper Garlic Noodles|Crispy Prawns|Panfried Noodles|Barbeque Chicken|Crispy Chilli Potatoes|Singapori Noodles|Service is Great and Fast|Good Server|Relaxed Atmosphere|Themed Decor|Excellent Hospitality|Quality of Food|,North Delhi
Billu's Hut,"G 28, Aggarwal Millenium Tower, Netaji Subhash Place, New Delhi",+919773921114,3.9,200,Cheap Prices|Reasonable Cost|Pocket Friendly Place|Good Quantity|Fast Service|Low Price|,Roadside Pasta|Mozzarella Sandwich|Maggie Pasta|Schezwan Pasta|White Sauce Cheese Pasta|Belgian Shake|,North Indian|Chinese|Fast Food|Pasta|Pizza|Sandwich|Shake|Beverages|,Roadside Pasta|Mozzarella Sandwich|Maggie Pasta|Schezwan Pasta|White Sauce Cheese Pasta|Belgian Shake|Cheap Prices|Reasonable Cost|Pocket Friendly Place|Good Quantity|Fast Service|Low Price|,North Delhi
Wah Ji Wah,"Shop 142, Pocket 26, Sector 24, Opposite Canara Bank, Rohini, New Delhi",+919205200205,3.8,400,Plenty of Vegetarian Options|Pocket Friendly|Polite Staff|Great Taste|Food Quality|Quantity|,,Rolls|North Indian|Chinese|Kebab|,Dining|Delivery|Plenty of Vegetarian Options|Pocket Friendly|Polite Staff|Great Taste|Food Quality|Quantity|,North Delhi
Wah Bhai Wah 2 The Vaishno Rasoi,"Flat 781, Ground Floor, Block B, Sector 1, Near Asha Kirana, Rohini, New Delhi",+919625114714,3.5,100,,,,,North Delhi
The Burger Club,"Property 4, Block-C, Pocket 9, Near Metro Pillar 396, Sector-7, Rohini, New Delhi",+911143012735,4.2,700,Everything was very Good|Plenty of Vegetarian Options|Unlimited Refills|Cordial Staff|Not very Crowded|Cozy Ambiance|,Loaded Pizzas|Choco Lava|Onion Rings|Burgers|Tea|Mojito|,Cafe|Coffee|Burger|Fast Food|Beverages|,Dining|Delivery|Loaded Pizzas|Choco Lava|Onion Rings|Burgers|Tea|Mojito|Everything was very Good|Plenty of Vegetarian Options|Unlimited Refills|Cordial Staff|Not very Crowded|Cozy Ambiance|,North Delhi
Pizza Galleria,"54-A, KH 262/258/217/4, Ground Floor, Near Garhwal Bakers, Block A, Adarsh Nagar, Rajan Babu Road, Shalimar Bagh, New Delhi",+919718197999,3.9,400,Variety of Pizza|Quick Delivery|Weekend Brunch|Tandoori|Contactless Delivery|Family Crowd|,Italian Pizza|White Pasta|Cheese Burst|Choco Lava|Cheesecake|,Pizza|Fast Food|Beverages|,Dining|Delivery|Italian Pizza|White Pasta|Cheese Burst|Choco Lava|Cheesecake|Variety of Pizza|Quick Delivery|Weekend Brunch|Tandoori|Contactless Delivery|Family Crowd|,North Delhi
Madras Cafe,"I-1/29, Sector 16, Rohini, New Delhi",+919873428969,3.9,300,Plenty of Vegetarian Options|Chirpy Crowd|Unlimited Refills|Elegantly Decorated|Cozy Ambiance|Economical|,,South Indian|Chinese|,Dining|Delivery|Plenty of Vegetarian Options|Chirpy Crowd|Unlimited Refills|Elegantly Decorated|Cozy Ambiance|Economical|,North Delhi
Shree Gopal Ji Chole Bhature,"Flat 148, Pocket 7, Sector 2, Rohini, New Delhi",+919891065064,4.4,100,Brunch|Good Packing|Quick Service|Preparation|Owner|Great Taste|,Paneer Bhatura|Chole Rice|Cholle Bhature|Raita|Salad|Chutney|,North Indian|,Paneer Bhatura|Chole Rice|Cholle Bhature|Raita|Salad|Chutney|Brunch|Good Packing|Quick Service|Preparation|Owner|Great Taste|,North Delhi
Faasos - Wraps & Rolls,"Plot 10, Ground Floor, Sahabad Extension, Opposite Dtu Gate 1, Sector 17, Rohini, New Delhi",+917700020020,4.1,200,Jumbo Chicken Roll|Masala Paneer Tikka Wrap|Veggie Wrap|Choco Lava|Biryani|,,Rolls|Wraps|Fast Food|,Jumbo Chicken Roll|Masala Paneer Tikka Wrap|Veggie Wrap|Choco Lava|Biryani|,North Delhi
Hira Sweets,"Janakpuri East Metro Station, Janakpuri, New Delhi",+918377992965,4.1,500,Sweetshop+Restaurant|Family Environment|Breakfast Menu|Good Value|Seating Arrangement|Great Value|,Crunchy Roll|Puri Sabzi|South Indian Platter|Dhokla|Rasmalai|Rasgulla|,Mithai|North Indian|South Indian|Chinese|Street Food|,Dining|Delivery|Crunchy Roll|Puri Sabzi|South Indian Platter|Dhokla|Rasmalai|Rasgulla|Sweetshop+Restaurant|Family Environment|Breakfast Menu|Good Value|Seating Arrangement|Great Value|,North Delhi
La Pino'z Pizza,"Shop 9, Smart Complex, DC Chowk, Sector 9, Rohini, New Delhi",+917428799700,3.9,500,Excellent Variety|Variety of Pizza|Good Wifi|Amazing Taste|Fast Delivery|Elaborate Menu|,,Pizza|Italian|Pasta|Fast Food|Beverages|Desserts|,Dining|Delivery|Excellent Variety|Variety of Pizza|Good Wifi|Amazing Taste|Fast Delivery|Elaborate Menu|,North Delhi
Jhakkas Bombay Pav Bhaji,"Central Market, Punjabi Bagh, New Delhi",+919999646459,4.0,150,Street Food|Flavour|Good Food|Prices|Timely Service|Quality|,Tawa Pulav|Cheese Vada Pav|Bombay Sandwich|Vada Pao|Pao Bhaji|,Street Food|Maharashtrian|North Indian|Pizza|Sandwich|Beverages|,Tawa Pulav|Cheese Vada Pav|Bombay Sandwich|Vada Pao|Pao Bhaji|Street Food|Flavour|Good Food|Prices|Timely Service|Quality|,North Delhi
Behrouz Biryani,"Plot 10, Ground Floor, Sahabad Extension, Opposite Dtu Gate 1, Sector 17, Rohini, New Delhi",+917700050050,4.2,500,Flavour|Packaging|Quality|Value for Money|Price|Food|,Paneer Subz Biryani|Briyani|Raita|Gulab Jamun|Brownie|Chicken|,Biryani|Kebab|Hyderabadi|Lucknowi|,Paneer Subz Biryani|Briyani|Raita|Gulab Jamun|Brownie|Chicken|Flavour|Packaging|Quality|Value for Money|Price|Food|,North Delhi
KFC,"17, Unity One Mall, MLCP Plot, Near Rohini Unity Mall, Rohini, New Delhi",+918042754444,4.2,400,Casual Seating Area|Office Crowd|Economical|Good Crowd|Great Recommendations|Low Price|,Strawberry Storm|Ginger Chicken|Popcorn Chicken|French Fries|,Burger|Fast Food|,Dining|Delivery|Strawberry Storm|Ginger Chicken|Popcorn Chicken|French Fries|Casual Seating Area|Office Crowd|Economical|Good Crowd|Great Recommendations|Low Price|,North Delhi
Biryani Blues,"2-3 Floor, C-8, Sector 7, Prashant Vihar, New Delhi",+918010801000,4.2,300,Jain Food Options|Keto Options|Extensive Bar Menu|Good Portion Size|Proper Packaging|Food Presentation|,Grilled Chicken Steak|Paneer Biryani|Chutney|Chicken|,Biryani|Kebab|Desserts|,Grilled Chicken Steak|Paneer Biryani|Chutney|Chicken|Jain Food Options|Keto Options|Extensive Bar Menu|Good Portion Size|Proper Packaging|Food Presentation|,North Delhi
Apni Rasoi,"G-7/188, Dividing Road, Sector 16, Rohini, New Delhi",+919871321388,3.7,250,Customizations Available|Lip Smacking Food|Great Recommendations|Polite Staff|Nice Food|Good Service|,,North Indian|Chinese|Fast Food|,Customizations Available|Lip Smacking Food|Great Recommendations|Polite Staff|Nice Food|Good Service|,North Delhi
ZAZA 22 Spice Biryani,"First Floor, C9/19, Sector 7, Rohini, New Delhi",+918068172526,4.1,250,,,Biryani|North Indian|,,North Delhi
Haldiram's,"Ground Floor, D-Mall, Near Rohini West Metro Station, Sector 10, Rohini, New Delhi",+911127934591,4.0,400,Office Crowd|Drive through|Self Service|Economical|Cozy Ambiance|Clean Place|,Vegetable Chowmein|Chole Bhatoorey|Peas Pulao|Rajkachori|Veg Sandwich|Pao Bhaji|,North Indian|Mithai|South Indian|Fast Food|Street Food|Chinese|,Dining|Delivery|Vegetable Chowmein|Chole Bhatoorey|Peas Pulao|Rajkachori|Veg Sandwich|Pao Bhaji|Office Crowd|Drive through|Self Service|Economical|Cozy Ambiance|Clean Place|,North Delhi
Domino's Pizza,"Shop 13 & 14, Ground Floor, D Mall, Plot 1B5, Rohini, New Delhi",+911141834344,4.1,400,,,Pizza|Fast Food|,Dining|Delivery|,North Delhi
Burger King,"Shop GD-01, Ground Floor, 05-D Block, Metro Walk, Sector 10, Rohini, New Delhi",+918291082692,4.2,400,Not very Crowded|Elegantly Decorated|Inexpensive|Great Ambiance|Polite Staff|Great Recommendations|,Cheese Whopper|Vanilla Softy|Chilly Cheese Burger|Cheesy Fries|Burgers|Shakes|,Burger|Fast Food|Street Food|,Dining|Delivery|Cheese Whopper|Vanilla Softy|Chilly Cheese Burger|Cheesy Fries|Burgers|Shakes|Not very Crowded|Elegantly Decorated|Inexpensive|Great Ambiance|Polite Staff|Great Recommendations|,North Delhi
Sagar Ratna,"FD 2, Ground Floor, Near Metro Station, Pitampura, New Delhi",+917428386412,4.0,600,Relaxed Atmosphere|Owner|Portion Size|Good Taste|Food Quality|Ambiance|,Rava Onion Masala|Mixed Uttapam|Dahi Vada|Dosa|Chutneys|Coffee|,South Indian|North Indian|Desserts|Beverages|,Dining|Delivery|Rava Onion Masala|Mixed Uttapam|Dahi Vada|Dosa|Chutneys|Coffee|Relaxed Atmosphere|Owner|Portion Size|Good Taste|Food Quality|Ambiance|,North Delhi
Punjabi Angithi,"Shop 31 & 32, DDA Market, Sector 16, Rohini, New Delhi",+919315412343,4.0,500,Comfortable Seating Area|Super Service|Relaxed Atmosphere|Packed on Weekends|Fast Delivery Service|Best Services|,Paneer Tikka Tandoori|Dum Aloo Kashmiri|Paneer Lababadar|Afghani Chaap Roll|Palak Kofta|Daal Makhini|,North Indian|Chinese|Rolls|Momos|Street Food|Pasta|,Dining|Delivery|Paneer Tikka Tandoori|Dum Aloo Kashmiri|Paneer Lababadar|Afghani Chaap Roll|Palak Kofta|Daal Makhini|Comfortable Seating Area|Super Service|Relaxed Atmosphere|Packed on Weekends|Fast Delivery Service|Best Services|,North Delhi
Pizza Hut,"Shop F A-7 and 8, Unitech Metro Walk, Sector 10, Rohini, New Delhi",+911147531893,3.5,800,Nice Place|Food Quality|Staff|Ambience|Taste|,,Pizza|Fast Food|Pasta|Beverages|Desserts|,Dining|Delivery|Nice Place|Food Quality|Staff|Ambience|Taste|,North Delhi
Wah Bhai Wah,"A 1/168 & 169, Sector 4, Rohini, New Delhi",+917838353055,3.7,400,Pocket Friendly|Inexpensive|Seating Arrangement|Hygiene|Good Food|Good Service|,Paneer Tika|Chaap|Shahi Paneer|Dal|,North Indian|Fast Food|Momos|,Dining|Delivery|Paneer Tika|Chaap|Shahi Paneer|Dal|Pocket Friendly|Inexpensive|Seating Arrangement|Hygiene|Good Food|Good Service|,North Delhi
Kwality Wall�s Frozen Dessert and Ice Cream Shop,"House 42, Block G, Pocket-8, Rohini, New Delhi",+918368027665,4.4,100,,,,,North Delhi
RollsKing,"Shop G-53, Ground Floor, Aggarwal Metro Heights, PitamPura, Saraswati Vihar, Netaji Subhash Place, New Delhi",+919310023423,4.0,200,Chaap Roll|Paneer Roll|Chicken Roll|Rolls|,,Rolls|Fast Food|North Indian|,Chaap Roll|Paneer Roll|Chicken Roll|Rolls|,North Delhi
Bikkgane Biryani,"Khasra 1001 & 1002, Village Rithala, Rohini, New Delhi",+919888321243,4.1,250,Good Food Quality|Good Packing|Delicious Taste|Good Service|Excellent Service|Good Taste|,Andhra Chicken Fry|Chicken 65|Cheesecake|Biryani|,Biryani|North Indian|Mughlai|Hyderabadi|Andhra|,Andhra Chicken Fry|Chicken 65|Cheesecake|Biryani|Good Food Quality|Good Packing|Delicious Taste|Good Service|Excellent Service|Good Taste|,North Delhi
Subway,"Shop 6/5/27, Sector 11, Garg Trade Center, Rohini, New Delhi",+911144747162,3.9,400,,,,Dining|Delivery|,North Delhi
Pandit Ji Parantha Hut,"Shop 16, Plot CS/OCF 2, Baaz Mall, Sector 24, Rohini, New Delhi",+918588008900,4.2,250,Student Crowd|Good Wifi|Young Crowd|Elaborate Menu|Spicy|Good Taste|,,North Indian|Street Food|Beverages|,Dining|Delivery|Student Crowd|Good Wifi|Young Crowd|Elaborate Menu|Spicy|Good Taste|,North Delhi
Bikanervala,"20, Ground Floor & 121 First Floor, Unity One, Rohini Metro Station Complex, Rohini, New Delhi",+911145709900,4.0,500,Very Clean Place|Parking Space Available|Breakfast Menu|Hygienic Place|Reasonable Cost|Nice Ambience|,Deluxe Thali|Raj Kachori|Chole Bhature|Sweets|Pav Bhaji|Dosa|,Mithai|North Indian|Chinese|Fast Food|Street Food|Desserts|Beverages|,Dining|Delivery|Deluxe Thali|Raj Kachori|Chole Bhature|Sweets|Pav Bhaji|Dosa|Very Clean Place|Parking Space Available|Breakfast Menu|Hygienic Place|Reasonable Cost|Nice Ambience|,North Delhi
McDonald's,"A-79A, Savoy Suite, Sector 16, Noida",+919899795813,4.2,0,Mc Spicy Chicken|Maharaja Mac|Brownie Ice Cream|Happy Meal|Hot Coffee|French Fries|,Classic Burgers and Fries|,Burger|Fast Food|Beverages|Coffee|,Dining|Delivery|Mc Spicy Chicken|Maharaja Mac|Brownie Ice Cream|Happy Meal|Hot Coffee|French Fries|Bang for the Buck|Elegantly Decorated|Cozy Ambiance|Good Crowd|Parking|Breakfast|,East Delhi
BroSis Kitchen,"25A, Pocket A1, Near Bharat Petrol Pump, Mayur Vihar Phase 3, New Delhi",+919667932886,4.0,150,Nice Food|Good Taste|Awesome Food|Tasty|Portion|Good Food|,,North Indian|Street Food|Fast Food|,Nice Food|Good Taste|Awesome Food|Tasty|Portion|Good Food|,East Delhi
Ram-G Samosa Wale,"A-434, Main Market, New Ashok Nagar, Vasundhara Enclave, New Delhi",+919868989493,3.9,50,,,Street Food|Chinese|,,East Delhi
Food Fantasy,"P-35-36, Opposite Fine Home Apartments, Mayur Vihar Phase 1, New Delhi",+911140114880,4.0,200,Nice Food|Great Taste|Good Taste|Good Service|Good Food|Quantity|,Achari Chicken|Chicken Lababdar|Paneer Butter Masala|Tandoori Chicken|Butter Chicken|Pizza|,North Indian|Chinese|Biryani|Mughlai|Seafood|,Achari Chicken|Chicken Lababdar|Paneer Butter Masala|Tandoori Chicken|Butter Chicken|Pizza|Nice Food|Great Taste|Good Taste|Good Service|Good Food|Quantity|,East Delhi
Eat Out,"Opposite Bhagyawan CHS, Acharya Niketan, Mayur Vihar Phase 1, New Delhi",+918586875455,3.9,450,Rajma Rice|Chicken Momo|Rajma Chawal|Honey Chilli Potatoes|Spring Roll|Noodles|,,,Dining|Delivery|Rajma Rice|Chicken Momo|Rajma Chawal|Honey Chilli Potatoes|Spring Roll|Noodles|,East Delhi
Punjabi Angithi,"Shop C-58 & C 59, Gulmohar Market, Sector 15, Noida",+918368858892,4.0,200,Good Packaging|Weekend Brunch|Yummy Food|Tandoori|Food Taste|Delivery Time|,Handi Paneer|Tawa Chaap Masala|Achari Chaap|Chaap Roll|Tandoori Momos|Paneer Butter Masala|,North Indian|Chinese|Rolls|Momos|Street Food|,Handi Paneer|Tawa Chaap Masala|Achari Chaap|Chaap Roll|Tandoori Momos|Paneer Butter Masala|Good Packaging|Weekend Brunch|Yummy Food|Tandoori|Food Taste|Delivery Time|,East Delhi
Nazeer Foods,"D-590, West Vinod Nagar, IP Extension, New Delhi",+919999932032,3.9,600,Good for Large Groups|Comfortable Seating|Portion Size|Quality Food|Great Place|Ambiance|,Chicken Lollypop|Tawa Chicken|Mughlai Food|Tandoori Roti|Rolls|Breads|,North Indian|Mughlai|Biryani|Fast Food|Beverages|Desserts|,Dining|Delivery|Chicken Lollypop|Tawa Chicken|Mughlai Food|Tandoori Roti|Rolls|Breads|Good for Large Groups|Comfortable Seating|Portion Size|Quality Food|Great Place|Ambiance|,East Delhi
La Pino'z Pizza,"G-04 C, Ground Floor, New Ashok Nagar Metro Station, Mayur Vihar Phase 1, New Delhi",+919667138351,3.7,200,,,,,East Delhi
Pizza Vizza,"C-49, Shashi Garden, Mayur Vihar Phase 1, New Delhi",+919999704735,4.2,150,Customizations Available|Plenty of Vegetarian Options|Economical|Cordial Staff|Good Portions|Prompt Service|,Vegetable Pizza|Cheese Garlic Bread|Pizzas|Breads|Cake|,Pizza|Fast Food|,Vegetable Pizza|Cheese Garlic Bread|Pizzas|Breads|Cake|Customizations Available|Plenty of Vegetarian Options|Economical|Cordial Staff|Good Portions|Prompt Service|,East Delhi
Biryani Blues,"495-496, Ganesh Nagar, Shakarpur, Vikas Marg, New Delhi",+918010801000,4.1,300,Good Wifi|Customizable Food|Elaborate Menu|Proper Packaging|Good Taste|Worth the Money|,Paneer 65|Paneer Biryani|Chicken Dum Biryani|Chicken 65|Gulab Jamun|Raita|,Biryani|Kebab|Desserts|,Paneer 65|Paneer Biryani|Chicken Dum Biryani|Chicken 65|Gulab Jamun|Raita|Good Wifi|Customizable Food|Elaborate Menu|Proper Packaging|Good Taste|Worth the Money|,East Delhi
China Town,"Opposite Fine Home Apartments, Acharya Niketan, Mayur Vihar Phase 1, New Delhi",+918447431681,3.9,350,,,Chinese|Momos|Fast Food|Rolls|,Dining|Delivery|,East Delhi
Bikanervala,"Shop 10 & 11, Ground Floor, Shop 1&2, First Floor, Plot -4B, Near CNG Petrol Pump, Mayur Vihar Phase 1, New Delhi",+918130396652,3.8,500,,,,Dining|Delivery|,East Delhi
Burger King,"C 135, Ground Floor & Mezanine Floor, Gautam Buddha Nagar, Sector 2, Noida",+918433968235,4.1,400,Everything was very Good|Comforting Atmosphere|Best Staff|Fantastic Decoration|Hygiene|Food Presentation|,Cheesy Fries|Chocolate Shake|Wrap|French Fries|Burgers|,Burger|Fast Food|Street Food|,Dining|Delivery|Cheesy Fries|Chocolate Shake|Wrap|French Fries|Burgers|Everything was very Good|Comforting Atmosphere|Best Staff|Fantastic Decoration|Hygiene|Food Presentation|,East Delhi
Khadak Singh Da Dhaba,"P-40, Mayur Vihar Phase 1, New Delhi",+919717968181,3.9,200,,,,,East Delhi
South Indian Fast Food,"Shop 3 & 4, DDA Market, Pocket A, Mayur Vihar Phase 2, New Delhi",+919999746007,4.1,300,Pocket Friendly|Polite Staff|Perfect Presentation|Packaging|Quantity|Ambience|,,South Indian|,Dining|Delivery|Pocket Friendly|Polite Staff|Perfect Presentation|Packaging|Quantity|Ambience|,East Delhi
Youth Dosa,"Shop 1, House 1, Ground Floor, Chilla Village, Mayur Vihar Phase 1, New Delhi",+917827840448,4.0,300,South Indian Food|Elaborate Menu|Fresh Food|Good Quality|,,South Indian|,Dining|Delivery|South Indian Food|Elaborate Menu|Fresh Food|Good Quality|,East Delhi
Parantha Express,"D-370 & 371, Ground Floor, Pandav Nagar, New Delhi",+918447878447,4.1,100,,,North Indian|Sandwich|Street Food|Beverages|,,East Delhi
Domino's Pizza,"1/1-A & 2, Anupama Arcade, Mayur Vihar Phase 1, New Delhi",+911141614710,4.2,400,Delivery Services|Prompt Service|Reasonable Prices|Packaging|Good Service|Delicious Food|,Sweet Corn Pizza|Spicy Chicken|Cheese Burst|Pizzas|,Pizza|Fast Food|,Dining|Delivery|Sweet Corn Pizza|Spicy Chicken|Cheese Burst|Pizzas|Delivery Services|Prompt Service|Reasonable Prices|Packaging|Good Service|Delicious Food|,East Delhi
White Cub,"Unit D-205, Zone-1, Sector 10, Noida",+918595314871,3.9,100,,,,,East Delhi
Biryani By Kilo,"246/67, School Block, East Mandavali, Fazalpur, IP Extension, New Delhi",+919212199888,4.3,450,Delivery Person|Authentic Taste|Excellent Food|Cute Packaging|Portion Size|Food Presentation|,Nawabi Paneer|Veg Korma|Firni|Basmati Rice|Egg Biryani|Kababs|,Biryani|Hyderabadi|North Indian|Kebab|Mughlai|Desserts|,Nawabi Paneer|Veg Korma|Firni|Basmati Rice|Egg Biryani|Kababs|Delivery Person|Authentic Taste|Excellent Food|Cute Packaging|Portion Size|Food Presentation|,East Delhi
Pizza Hut,"Shop P/37/38, 281, Ground Floor, Pandav Nagar, Mayur Vihar Phase 1, New Delhi",+918588812413,3.7,800,,,,Dining|Delivery|,East Delhi
Sagar Ratna,"P 19/20, 1st Floor, Pandav Nagar, New Delhi",+917428386445,4.2,600,,,South Indian|North Indian|Desserts|Beverages|,Dining|Delivery|,East Delhi
Hira Sweets,"E-60, Vikas Marg, Laxmi Nagar, New Delhi",+911122469755,4.0,500,Gift Baskets Available|Sweetshop+Restaurant|Spacious Seating Area|Good for Families|Parking Space Available|Comfortable Chairs|,Fruit Rabri|Balushahi|Matar Kachori|Stuffed Aloo|Kaju Katli|Kalakand|,Mithai|North Indian|South Indian|Chinese|Street Food|,Dining|Delivery|Fruit Rabri|Balushahi|Matar Kachori|Stuffed Aloo|Kaju Katli|Kalakand|Gift Baskets Available|Sweetshop+Restaurant|Spacious Seating Area|Good for Families|Parking Space Available|Comfortable Chairs|,East Delhi
Subway,"G-7,8,9, Sikka Plaza 2, Near Ahlcon Public School, Mayur Vihar Phase 1, New Delhi",+919953680840,4.2,400,Plenty of Vegetarian Options|Comfort Food|Seating Area|Prompt Service|Great Ambiance|Great Recommendations|,Customizable submarine sandwiches and salads|,Healthy Food|Fast Food|Sandwich|Salad|Wraps|Beverages|,Dining|Delivery|Plenty of Vegetarian Options|Comfort Food|Seating Area|Prompt Service|Great Ambiance|Great Recommendations|,East Delhi
Singla's,"A-139/140, Main Road, Madhu Vihar, Near Hasanpur Depot, IP Extension, New Delhi",+911122232323,4.1,500,Family Favorite|Office Crowd|Cozy Ambiance|Pocket Friendly|Good Crowd|Family Restaurant|,Kaju Barfi|Puri Sabzi|Kaju Katli|Golgappe|Raj Kachori|Veg Chowmein|,North Indian|Rolls|Chinese|Fast Food|Street Food|South Indian|Pizza|Desserts|,Dining|Delivery|Kaju Barfi|Puri Sabzi|Kaju Katli|Golgappe|Raj Kachori|Veg Chowmein|Family Favorite|Office Crowd|Cozy Ambiance|Pocket Friendly|Good Crowd|Family Restaurant|,East Delhi
Mariyan Restaurant,"A-1220/1221, Gharoli Dairy Colony, Mayur Vihar Phase 3, New Delhi",+918447127533,3.7,400,Friendly Staffs|Amazing Food|Good Service|Good Taste|Customizable Food|Elaborate Menu|,,South Indian|Kerala|North Indian|Beverages|Mughlai|,Dining|Delivery|Friendly Staffs|Amazing Food|Good Service|Good Taste|Customizable Food|Elaborate Menu|,East Delhi
Aashirwad Restaurant,"B-31/125, Gali 4, Mangal Bazar Road, Guru Nanak Pura, Laxmi Nagar, New Delhi",+919821901135,3.8,150,,,North Indian|Chinese|,,East Delhi
China Town,"DAV Complex, Samachar Market, Mayur Vihar Phase 1, New Delhi",+911165411476,3.8,400,,,Chinese|Fast Food|Momos|Street Food|,Dining|Delivery|,East Delhi
If Pizza,"Shop B 63, Ganesh Nagar, Near Pal Book Depot, Pandav Nagar, New Delhi",+918744904490,4.3,300,Staff Behaviour|Amazing Food|Reasonable Price|Value for Money|,,Pizza|Fast Food|,Dining|Delivery|Staff Behaviour|Amazing Food|Reasonable Price|Value for Money|,East Delhi
Jeet Punjabi Dhaba,"Shop 97, Village Kotla, Mayur Vihar Phase 1, New Delhi",+919999052959,3.9,350,,,,Dining|Delivery|,East Delhi
Balaji Bhojanalya,"Plot A 421, Block A, New Ashok Nagar, Vasundhara Enclave, New Delhi",+919540129977,3.9,300,,,,Dining|Delivery|,East Delhi
Nirula's,"Shop G-3, Plot 5, Ground Floor, Ashish Complex, L.S.C, Opposite Anand Lok Society, Mayur Vihar Phase 1, New Delhi",+917303546700,4.0,600,,,Pizza|Burger|Ice Cream|North Indian|Fast Food|Momos|Pasta|Beverages|,Dining|Delivery|,East Delhi
Scorpio Cafe,"G-4, Durga Complex, Pocket B, Mayur Vihar Phase 2, New Delhi",+919999187293,4.1,0,Spicy Chicken Sandwich|Chilli Potato|Pastas|White Sauce Pasta|Chicken Burger|Burgers|,Pocket friendly quick bites|,Chinese|Fast Food|Pizza|Burger|Sandwich|Rolls|North Indian|Biryani|,Dining|Delivery|Spicy Chicken Sandwich|Chilli Potato|Pastas|White Sauce Pasta|Chicken Burger|Burgers|Not very Crowded|Cozy Ambiance|Clean Place|Inexpensive|Great Staff|Friendly Place|,East Delhi
Haryana Sweets & Restaurant,"D 132, South Ganesh Nagar, Opposite Mother Dairy, Pandav Nagar, New Delhi",+919810106977,4.1,250,Plenty of Vegetarian Options|Chirpy Crowd|Great Recommendations|Nice Food|Tasty Food|Good Service|,Palak Paneer|Lassi|Chole|Thali|Dal Makhani|,North Indian|Mithai|South Indian|Street Food|Desserts|,Dining|Delivery|Palak Paneer|Lassi|Chole|Thali|Dal Makhani|Plenty of Vegetarian Options|Chirpy Crowd|Great Recommendations|Nice Food|Tasty Food|Good Service|,East Delhi
Roll Hub,"Shop 2, P 40, Mayur Vihar Phase 1, New Delhi",+919667300551,4.2,300,Wide variety of rolls|,,Rolls|North Indian|Momos|,Dining|Delivery|,East Delhi
Haldiram's,"90, Upper Ground, Parsavnath Mall, Metro Station, Link Road, Pandav Nagar, New Delhi",+919873611958,4.1,450,Casual Seating Area|Inexpensive|Good Crowd|Great Recommendations|Polite Staff|Hospitality|,Paneer Cutlets|Rabri Rasmalai|Makke Ki Roti|Rajkachori|Sev Puri|Lassi|,North Indian|Chinese|South Indian|Street Food|Desserts|Continental|Beverages|,Dining|Delivery|Paneer Cutlets|Rabri Rasmalai|Makke Ki Roti|Rajkachori|Sev Puri|Lassi|Casual Seating Area|Inexpensive|Good Crowd|Great Recommendations|Polite Staff|Hospitality|,East Delhi
Protein Bar Cafe,"111 B, Ground Floor, Pocket A 1, Mayur Vihar Phase 3, New Delhi",+917289877864,4.1,350,Fantastic Decoration|Cutlery|Delicious Taste|Best Food under Best Budget|Fresh Food|Good Quality|,,Healthy Food|Street Food|Fast Food|Burger|Sandwich|Salad|Shake|Beverages|,Dining|Delivery|Fantastic Decoration|Cutlery|Delicious Taste|Best Food under Best Budget|Fresh Food|Good Quality|,East Delhi
KFC,"Shop G3, Multi Level Parking, Vasundhara Enclave, New Delhi",+918042754444,4.1,400,Good Crowd|Comfort Food|Great Recommendations|Mouth Watering Food|Food Presentation|Timely Service|,,Burger|Fast Food|,Dining|Delivery|Good Crowd|Comfort Food|Great Recommendations|Mouth Watering Food|Food Presentation|Timely Service|,East Delhi
Giani's,"A-13, Acharya Niketan Market, Opposite Bhagyawan CHS, Mayur Vihar Phase 1, New Delhi",+911146648242,4.3,350,Student Crowd|Elaborate Menu|Customizable Food|Good Quality|Fresh Food|Quantity|,,Ice Cream|Desserts|Beverages|,Dining|Delivery|Student Crowd|Elaborate Menu|Customizable Food|Good Quality|Fresh Food|Quantity|,East Delhi
Punjabi Tadka,"27/494, Near Sawati Medical Store, Trilokpuri, New Delhi",+919968505539,3.4,100,,,North Indian|,,East Delhi
Yaara Di Chaap,"B-1/10, New Ashok Nagar, Vasundhara Enclave, New Delhi",+919354708435,3.9,300,Inexpensive|Clean and Hygienic Place|Best Food under Best Budget|Delicious Taste|Young Crowd|Tasty|,,North Indian|Chinese|Rolls|,Dining|Delivery|Inexpensive|Clean and Hygienic Place|Best Food under Best Budget|Delicious Taste|Young Crowd|Tasty|,East Delhi
The Burger Company,"A - 76, Vikas Marg, Laxmi Nagar, New Delhi",+919711500668,3.9,500,,,Fast Food|Burger|Beverages|Shake|,Dining|Delivery|,East Delhi
Burger Singh - Big Punjabi Burgers,"Shop 2, Ground Floor, Mayur Vihar Phase 1, New Delhi",+918826456808,4.2,150,Cute Packaging|Food Presentation|Worth the Money|Delicious Food|Timely Service|Extensive Menu|,,Burger|Fast Food|Beverages|Desserts|,Cute Packaging|Food Presentation|Worth the Money|Delicious Food|Timely Service|Extensive Menu|,East Delhi
Udupidarshini Veg Restaurant,"C-24/A, Acharya Niketan, Mayur Vihar Phase 1, New Delhi",+919643686168,4.3,300,Family Restaurant|Courteous Staff|Good Place|Ambience|Service|Quality|,,,Dining|Delivery|Family Restaurant|Courteous Staff|Good Place|Ambience|Service|Quality|,East Delhi
Granny's Flavour,"R-131, Super Shine Chowk, East Vinod Nagar, Mayur Vihar Phase 2, New Delhi",+918882643499,4.0,300,Meals|Nice Food|Good Quality Food|Food Taste|Excellent Food|Awesome Food|,Bedmi Puri|Aloo Paratha|Rajma Chawal|Tawa Roti|Kachori|Mix Veg|,North Indian|Chinese|South Indian|,Dining|Delivery|Bedmi Puri|Aloo Paratha|Rajma Chawal|Tawa Roti|Kachori|Mix Veg|Meals|Nice Food|Good Quality Food|Food Taste|Excellent Food|Awesome Food|,East Delhi
Shakil Chicken Corner,"B 208, B block, Hastsal Colony, Uttam Nagar, New Delhi",+919013361670,4.0,150,Tandoori|Good Taste|Spicy|Portion|Packing|Quantity|,,North Indian|Biryani|Rolls|,Tandoori|Good Taste|Spicy|Portion|Packing|Quantity|,West Delhi
Biryani Blues,"A 44, Ground Floor, Rajouri Garden, New Delhi",+918010801000,4.2,300,Loved it|Nice Taste|Spicy|Great Portions|Quality|,,Biryani|Kebab|Desserts|,Loved it|Nice Taste|Spicy|Great Portions|Quality|,West Delhi
Gulab,"A-44, Ground Floor, Rajouri Garden, New Delhi",+918920762015,3.8,150,,,,,West Delhi
Subway,"J 57, Ground Floor, Frontside, Bander Wali Khui, Ramesh Nagar, Kirti Nagar, New Delhi",+919871194501,4.1,400,Large Servings|Comforting Atmosphere|Mouth Watering Food|Fresh Food with Good Quality|Best Food under Best Budget|Delicious Taste|,Wrap|Salad|Sauce|Chicken|,Healthy Food|Fast Food|Sandwich|Salad|Wraps|Beverages|,Dining|Delivery|Wrap|Salad|Sauce|Chicken|Large Servings|Comforting Atmosphere|Mouth Watering Food|Fresh Food with Good Quality|Best Food under Best Budget|Delicious Taste|,West Delhi
Ramji Di Hatti & Caterers,"BE 324, Hari Nagar, Gali 4, Opposite M.I.G. Flats, Mayapuri Phase 2, New Delhi",+919650438007,4.1,400,Pocket Friendly|Good Crowd|Polite Staff|Reasonable Prices|Decor|Food Quality|,Chur Chur Naan Thali|Lassi|Chole Bhature|Raita|,North Indian|Chinese|Fast Food|,Dining|Delivery|Chur Chur Naan Thali|Lassi|Chole Bhature|Raita|Pocket Friendly|Good Crowd|Polite Staff|Reasonable Prices|Decor|Food Quality|,West Delhi
Burger King,"J-1/162, Ground Floor, Rajouri Garden, New Delhi",+911140523618,4.3,400,Student Crowd|Good Wifi|Location|Young Crowd|Customizable Food|Fresh Food|,,Burger|Fast Food|Street Food|,Dining|Delivery|Student Crowd|Good Wifi|Location|Young Crowd|Customizable Food|Fresh Food|,West Delhi
24 Hrs Tawa V/s Tandoor,"H A-44, Ground Floor, Block A2, Rajouri Garden, New Delhi",+919911441046,3.9,200,,,,,West Delhi
Burger Singh - Big Punjabi Burgers,"Shop 60, 61, J Block, DDA Market, Rajouri Garden, New Delhi",+918767121212,4.1,300,Fantastic Decoration|Clean and Hygienic Place|Healthy and Delicious|Fresh Food with Good Quality|Delicious Taste|Mouth Watering Food|,,Burger|Fast Food|Momos|Beverages|Desserts|,Dining|Delivery|Fantastic Decoration|Clean and Hygienic Place|Healthy and Delicious|Fresh Food with Good Quality|Delicious Taste|Mouth Watering Food|,West Delhi
Sagar Ratna,"2nd & 3rd Floor, Metro Pillar Number 421, Najafgarh Road, Block�Z, Tagore Garden, New Delhi",+917428386413,4.0,250,Good Quality Good Service|Tamper Proof Packaging|Food Quality|Quantity|Great Portions|Taste|,,South Indian|North Indian|Desserts|Beverages|,Good Quality Good Service|Tamper Proof Packaging|Food Quality|Quantity|Great Portions|Taste|,West Delhi
Creme N Crisp,"A6/8, Ground Floor, Paschim Vihar, New Delhi",+919821158852,3.8,400,,,Bakery|Pizza|Sandwich|Fast Food|Street Food|Desserts|Beverages|,Dining|Delivery|,West Delhi
Bikanervala,"A-2/43, 1st Floor, Rajouri Garden, New Delhi",+911125930633,4.1,450,Gift Baskets Available|Good for Families|Parking Space Available|Self Service|Economical|Family Restaurant|,Kesar Badam Milk|Bedmi Poori|Bhalla Papdi|Matar Kulcha|Dhokla|Tandoori Platter|,Mithai|North Indian|South Indian|Chinese|Street Food|Momos|,Dining|Delivery|Kesar Badam Milk|Bedmi Poori|Bhalla Papdi|Matar Kulcha|Dhokla|Tandoori Platter|Gift Baskets Available|Good for Families|Parking Space Available|Self Service|Economical|Family Restaurant|,West Delhi
Madras Cafe,"1, H Block, DDA Market, Near K R Mangalam School Road, Vikaspuri, New Delhi",+919868020232,3.9,300,Economical|Prompt Service|Prices|Quality|,,South Indian|Chinese|,Dining|Delivery|Economical|Prompt Service|Prices|Quality|,West Delhi
Delhi Darbar Biryani Point,"B-234, Gali 4, B Block, East Metro Station, Uttam Nagar, New Delhi",+917303297373,4.2,350,Taste of Real Biryani|Elegantly Decorated|Office Crowd|Drive through|Comfort Food|Reasonable Prices|,,Biryani|Mughlai|North Indian|,Dining|Delivery|Taste of Real Biryani|Elegantly Decorated|Office Crowd|Drive through|Comfort Food|Reasonable Prices|,West Delhi
Kream's,"Shop 6, D-121, Vikaspuri, New Delhi",+919990990963,4.2,50,Low Price|Good Taste|Bread|Good Service|Prices|Good Quality|,Supreme Burger|Pastries|Cakes|Burgers|Snacks|,Bakery|Fast Food|Desserts|,Supreme Burger|Pastries|Cakes|Burgers|Snacks|Low Price|Good Taste|Bread|Good Service|Prices|Good Quality|,West Delhi
The Dhaba Junction,"14 A/22 Ground Floor, WEA, Karol Bagh, New Delhi",+911140349119,3.5,600,Cutlery|Good Wifi|Good Music|Elaborate Menu|Fresh Food|Customizable Food|,,Mughlai|Fast Food|North Indian|Beverages|Chinese|,Dining|Delivery|Cutlery|Good Wifi|Good Music|Elaborate Menu|Fresh Food|Customizable Food|,West Delhi
Hira Sweets,"A-2, Opposite Metro Pillar 329, Kirti Nagar, New Delhi",+911141633158,4.1,500,Nice Outlet|Fantastic Decoration|Clean and Hygienic Place|Elaborate Menu|Great Place|Fresh Food|,,Mithai|North Indian|South Indian|Chinese|Street Food|,Dining|Delivery|Nice Outlet|Fantastic Decoration|Clean and Hygienic Place|Elaborate Menu|Great Place|Fresh Food|,West Delhi
Bikkgane Biryani,"A4, 2nd Floor, Shivaji Enclave, DDA Market, Near Wine Shop, Rajouri Garden, New Delhi",+911147009662,3.9,0,Mutton Handi Biriyani|Gobi Manchurian|Andhra Mutton Fry|Paneer 65|Lemon Chicken|Chicken 65|,Extensive range of Hyderabadi biryanis and array of tikkas|kebabs|and curries to choose from|,Biryani|North Indian|Mughlai|Hyderabadi|Andhra|,Mutton Handi Biriyani|Gobi Manchurian|Andhra Mutton Fry|Paneer 65|Lemon Chicken|Chicken 65|Good Portion Size|Best Prices|Fast Delivery Service|Good Packing|Prompt Delivery|Amazing Service|,West Delhi
Everest Momos & Chinese Fast Food,"C-24, Shivaji Park Market, Punjabi Bagh, New Delhi",+917503609018,4.0,350,Cozy Ambiance|Good Crowd|Low Price|Prompt Service|Pocket Friendly|Quantity|,Chicken Spring Roll|Chilli Potatoes|Noodle|Chilli Garlic Noodles|Chicken Momo|Veg Fried Rice|,Chinese|Momos|Fast Food|,Dining|Delivery|Chicken Spring Roll|Chilli Potatoes|Noodle|Chilli Garlic Noodles|Chicken Momo|Veg Fried Rice|Cozy Ambiance|Good Crowd|Low Price|Prompt Service|Pocket Friendly|Quantity|,West Delhi
Bakingo,"Shop 55, Ground Floor, Najafgarh Road, Shivaji Market, Tagore Garden, New Delhi",+917428050218,4.5,50,Fast Delivery|Amazing Taste|Tasty|Great Taste|Good Taste|Great Service|,,Bakery|Desserts|,Fast Delivery|Amazing Taste|Tasty|Great Taste|Good Taste|Great Service|,West Delhi
Om Sweets & Snacks,"GL-23, Hari Nagar, Jail Road, New Delhi",+911145782222,4.3,0,Tomato Cheese Sandwich|Amritsari Koolcha|Crispy Jalebi|Malai Ghewar|Imarti|South Indian Platter|,Sweets|Snacks|& Ready-To-Eat Tit-Bits|,Mithai|North Indian|South Indian|Chinese|,Dining|Delivery|Tomato Cheese Sandwich|Amritsari Koolcha|Crispy Jalebi|Malai Ghewar|Imarti|South Indian Platter|Chirpy Crowd|Drive through|Not very Crowded|Cozy Ambiance|Inexpensive|Family Restaurant|,West Delhi
KFC,"Shop G-03, Ground Floor & Mezzanine Floor, New Ashok Nagar Metro Station, Rajouri Garden, New Delhi",+918042754444,4.2,400,Clean and Hygienic Place|Weekend Brunch|Student Crowd|Elaborate Menu|Food Presentation|Good Quality|,,Burger|Fast Food|,Dining|Delivery|Clean and Hygienic Place|Weekend Brunch|Student Crowd|Elaborate Menu|Food Presentation|Good Quality|,West Delhi
Tite Da Dhaba,"B 595-596, Shivaji College Road, Raghubir Nagar, Rajouri Garden, New Delhi",+919891985041,4.2,500,Pocket Friendly|Behavior|Tasty Food|Value for Money|Packaging|Quantity|,,,Dining|Delivery|Pocket Friendly|Behavior|Tasty Food|Value for Money|Packaging|Quantity|,West Delhi
Grover Sweets,"Shop 2&3, J1/162, Rajouri Garden, New Delhi",+919560009462,4.1,100,,,,,West Delhi
Haldiram's,"C-4, Ground Floor, Rajouri Garden, New Delhi",+918588027416,3.9,450,,,North Indian|Chinese|South Indian|Street Food|Desserts|Continental|Beverages|,Dining|Delivery|,West Delhi
Domino's Pizza,"J-2/20, Ground Floor, BK Dutta Market, Rajouri Garden, New Delhi",+911141446835,4.2,400,Pocket Friendly|Polite Staff|Manager|Table|Great Taste|Nice Place|,Cheese Burst|Stuffed Garlic Bread|Pizzas|Corn|,Pizza|Fast Food|,Dining|Delivery|Cheese Burst|Stuffed Garlic Bread|Pizzas|Corn|Pocket Friendly|Polite Staff|Manager|Table|Great Taste|Nice Place|,West Delhi
Taco Bell,"Shop 2F/10, Second Floor, Pacific Mall, Najafgarh Road, Tagore Garden, New Delhi",+919289072094,4.0,500,Comforting Atmosphere|Food Presentation|Worth the Money|Service|,,Mexican|Fast Food|Wraps|,Dining|Delivery|Comforting Atmosphere|Food Presentation|Worth the Money|Service|,West Delhi
Janki Vaishno Dhaba,"WZ 712, Shop 2, Tihar Village, Jail Road, New Delhi",+919958697534,4.1,400,Desi Vibes|Pocket Friendly|Quick Delivery|Reasonable Price|Tasty Food|Good Food|,Vegetable Chowmein|Tawa Chaap|Shahi Paneer|Dal Makhni|,,Dining|Delivery|Vegetable Chowmein|Tawa Chaap|Shahi Paneer|Dal Makhni|Desi Vibes|Pocket Friendly|Quick Delivery|Reasonable Price|Tasty Food|Good Food|,West Delhi
Pizza Hut,"J-12/3, Rajouri Garden, New Delhi",+911142316685,3.6,800,Casual Seating Area|Economical|Pocket Friendly|Prompt Service|Polite Staff|Manager|,Tandoor Paneer Pizza|Choco Truffle Cake|Cheesy Garlic Bread|Pizzas|,Pizza|Fast Food|Pasta|Beverages|Desserts|,Dining|Delivery|Tandoor Paneer Pizza|Choco Truffle Cake|Cheesy Garlic Bread|Pizzas|Casual Seating Area|Economical|Pocket Friendly|Prompt Service|Polite Staff|Manager|,West Delhi
Godavari Bakers,"A4-C/A, Near Mota Singh School, Janakpuri, New Delhi",+919910488548,4.0,100,Pocket Friendly Prices|Good Taste|Worth the Money|Portion|Proper Packaging|Good Service|,Grilled Cheese Burger|Paneer Puff|Paneer Patty|Aloo Patty|Chocolate Truffle Pastry|,Bakery|Fast Food|Pizza|,Grilled Cheese Burger|Paneer Puff|Paneer Patty|Aloo Patty|Chocolate Truffle Pastry|Pocket Friendly Prices|Good Taste|Worth the Money|Portion|Proper Packaging|Good Service|,West Delhi
Prem Di Hatti,"J-1/162, Opposite City Square Mall, Rajouri Garden, New Delhi",+919311666006,4.1,200,Very Cheap|Great Seating Capacity|Desi Vibes|Pocket Friendly|Parking Space|Breakfast|,Chur Chur Naan Thali|Chola Bhatura|Lassi|Rajma Rice|Rajma Chawal|Soya Chaap|,North Indian|Street Food|,Dining|Delivery|Chur Chur Naan Thali|Chola Bhatura|Lassi|Rajma Rice|Rajma Chawal|Soya Chaap|Very Cheap|Great Seating Capacity|Desi Vibes|Pocket Friendly|Parking Space|Breakfast|,West Delhi
The Burger Club,"Z 9, Opposite Metro Pillar 420, Rajouri Garden, New Delhi",+911135714287,4.2,0,Double Paneer Club|Cookie Cream Shake|Kumara Fries|Hazelnut Mocha|Devil Chicken|Chocolate Drink|,New Zealand style burger|,Cafe|Coffee|Burger|Fast Food|Beverages|,Dining|Delivery|Double Paneer Club|Cookie Cream Shake|Kumara Fries|Hazelnut Mocha|Devil Chicken|Chocolate Drink|Not very Crowded|Bang for the Buck|Service is Great and Fast|Inexpensive|Comfortable Seating|Prime Location|,West Delhi
Apna Dhaba & Caterers,"Street 2, BE 335, Hari Nagar, Mayapuri Phase 2, New Delhi",+911125122134,4.0,300,Bang for the Buck|Cozy Ambiance|Low Price|Prompt Service|Food Taste|Nice Food|,Rajma Chawal|Naan|Thali|Chaap|,North Indian|,Dining|Delivery|Rajma Chawal|Naan|Thali|Chaap|Bang for the Buck|Cozy Ambiance|Low Price|Prompt Service|Food Taste|Nice Food|,West Delhi
Anjlika,"6/78, Ajmal Khan Road, Karol Bagh, New Delhi",+911145609610,4.0,100,Staff|Prices|Menu|Quantity|,Pastries|Cookies|Cakes|Sandwiches|Snacks|Cold Coffee|,Bakery|Desserts|Beverages|Ice Cream|Rolls|Fast Food|,Pastries|Cookies|Cakes|Sandwiches|Snacks|Cold Coffee|Staff|Prices|Menu|Quantity|,West Delhi
Standard Snacks & Restaurant,"B-10/12, Raja Garden Chowk, Raja Garden, New Delhi",+911165451541,4.2,450,Inexpensive|Breakfast|Hygiene|Good Place|Menu|Price|,Paneer Pakora|Lassi|Sweets|Chole Bhature|Snacks|,North Indian|South Indian|Beverages|Street Food|,Dining|Delivery|Paneer Pakora|Lassi|Sweets|Chole Bhature|Snacks|Inexpensive|Breakfast|Hygiene|Good Place|Menu|Price|,West Delhi
McDonald's,"Phase 1, Industrial Area, Near PVR Mulltiplex, Naraina, New Delhi",+917838592520,4.2,400,Cozy Ambiance|Low Price|Prompt Service|Good Service|Great Portions|Delicious Food|,Classic Burgers and Fries|,Burger|Fast Food|Beverages|Coffee|,Dining|Delivery|Cozy Ambiance|Low Price|Prompt Service|Good Service|Great Portions|Delicious Food|,West Delhi
Roshan Di Kulfi,"2816, Block 34P, Ajmal Khan Road, Karol Bagh, New Delhi",+911128724230,4.0,0,Faluda Kulfi Mix|Badami Kheer|Bhature Chole|Chana Bhatura|Pan Kulfi|Dosa Sambar|,Street food and Kulfis|,South Indian|North Indian|Street Food|Chinese|Desserts|Beverages|,Dining|Delivery|Faluda Kulfi Mix|Badami Kheer|Bhature Chole|Chana Bhatura|Pan Kulfi|Dosa Sambar|Bang for the Buck|Street Food|Cute Little Place|Good Crowd|Comfortable Seating|Low Price|,West Delhi
La Pino'z Pizza,"J 13/47, Rajouri Garden, New Delhi",+918384051464,4.1,500,Contactless Delivery|Portion|Proper Packaging|Tasty|Worth the Money|Good Taste|,Cheese Burst Crust|Cheesy Garlic Bread|Panneer Butter Masala|Choco Lava Cake|Margherita Pizza|Veg Pizza|,Pizza|Italian|Pasta|Fast Food|Beverages|Desserts|,Dining|Delivery|Cheese Burst Crust|Cheesy Garlic Bread|Panneer Butter Masala|Choco Lava Cake|Margherita Pizza|Veg Pizza|Contactless Delivery|Portion|Proper Packaging|Tasty|Worth the Money|Good Taste|,West Delhi
Aggarwal Sweets,"Community Center, Near PVR Cinema, Naraina, New Delhi",+919213480759,3.8,100,,,Mithai|Street Food|,,West Delhi
Aalam Chicken Corner,"BE 324, Street 4, Hari Nagar, Mayapuri Phase 2, New Delhi",+919873241190,4.2,150,Very Cheap|Desi Vibes|Pocket Friendly|Delivery Time|Value for Money|Chef|,Changezi Chicken|Chicken Korma|Chicken Curry|Butter Chicken|,,Changezi Chicken|Chicken Korma|Chicken Curry|Butter Chicken|Very Cheap|Desi Vibes|Pocket Friendly|Delivery Time|Value for Money|Chef|,West Delhi
Punjabi Angithi,"32-22, A 4, DDA Market, Paschim Vihar, New Delhi",+918470099099,4.1,500,Very Good Food|Tasty Stuff|Serving Size|Relaxed Atmosphere|Comfortable Seating Area|Pure Veg|,Bhuna Chaap Masala|Paneer Tikka Tandoori|Tawa Tikka Masala|Paneer Kurkure|Handi Paneer|Butter Garlic Noodles|,North Indian|Chinese|Rolls|Momos|Street Food|,Dining|Delivery|Bhuna Chaap Masala|Paneer Tikka Tandoori|Tawa Tikka Masala|Paneer Kurkure|Handi Paneer|Butter Garlic Noodles|Very Good Food|Tasty Stuff|Serving Size|Relaxed Atmosphere|Comfortable Seating Area|Pure Veg|,West Delhi
Berco's - If You Love Chinese,"S 26, Janta Market, Rajouri Garden, New Delhi",+911143087333,4.0,900,Calm Ambience|Ample Seating Area|Courteous Service|Themed Decor|Nice Hospitality|Great Staff|,Salt Pepper Chicken|Thai Crispy|Crispy Honey Chilli Potato|Juicy Chicken Drumsticks|Chicken Momo|Pad Thai Noodles|,Chinese|Momos|Asian|,Dining|Delivery|Salt Pepper Chicken|Thai Crispy|Crispy Honey Chilli Potato|Juicy Chicken Drumsticks|Chicken Momo|Pad Thai Noodles|Calm Ambience|Ample Seating Area|Courteous Service|Themed Decor|Nice Hospitality|Great Staff|,West Delhi
Food Of Dreams,"A 4, 38, DDA Market, Paschim Vihar, New Delhi",+918860068404,4.1,250,Healthy Food|Yummy Food|Fast Delivery|Spill Proof Packaging|Food Taste|Contactless Delivery|,Kurkure Momo|Panneer Butter Masala|Chilli Paneer Dry|Tandoori Platter|Honey Chilli Potatoes|Daal Makhni|,North Indian|Chinese|Rolls|Street Food|Mughlai|Fast Food|,Kurkure Momo|Panneer Butter Masala|Chilli Paneer Dry|Tandoori Platter|Honey Chilli Potatoes|Daal Makhni|Healthy Food|Yummy Food|Fast Delivery|Spill Proof Packaging|Food Taste|Contactless Delivery|,West Delhi
Dawat E King,"House A/44, Shop 4A, Ground Floor, Near Rajouri Garden, New Delhi",+919911441046,3.8,200,,,,,West Delhi
Kashi Ram Chole Kulche Wala,"E 195, Naraina Vihar, Naraina, New Delhi",+917011128130,4.2,200,Weekend Brunch|Breakfast|Spicy|Value for Money|Worth the Money|Good Quality|,,Street Food|,Dining|Delivery|Weekend Brunch|Breakfast|Spicy|Value for Money|Worth the Money|Good Quality|,West Delhi
24 Seven Tawa & Tandoor,"D-25, Ist Floor, Chankya Place, Uttam Nagar, Sector 2, Dwarka, New Delhi",+919313550126,3.7,250,Comfortable Seating|Delivery Time|Good Quantity|Good Taste|Amazing Taste|Portion|,Soya Chaap Masala|Panneer Butter Masala|Handi Chicken|Chilli Potatoes|Chicken Curry|Roti|,North Indian|Rolls|Chinese|Momos|Biryani|,Soya Chaap Masala|Panneer Butter Masala|Handi Chicken|Chilli Potatoes|Chicken Curry|Roti|Comfortable Seating|Delivery Time|Good Quantity|Good Taste|Amazing Taste|Portion|,West Delhi
Dhaba Food,"129, MPL Plcae Circus, Near Super Bazar, Connaught Place, New Delhi",+919971559206,4.4,100,Value for Money|Price|Good Food|Timely Service|Quantity|Delicious Food|,Chole Rice|Rajma Chawal|Papad|Lassi|Chole Bhature|,North Indian|Beverages|,Chole Rice|Rajma Chawal|Papad|Lassi|Chole Bhature|Value for Money|Price|Good Food|Timely Service|Quantity|Delicious Food|,Central Delhi
Radhey Shyam Subhash Kumar Special Chole Bhature,"Shop 7, Amrit Kaur Market, Opposite New Delhi Railway Station, Paharganj, New Delhi",+919811103164,4.3,100,Breakfast|Great Taste|Spill Proof Packaging|Worth the Money|Great Portions|Packing|,,North Indian|,Breakfast|Great Taste|Spill Proof Packaging|Worth the Money|Great Portions|Packing|,Central Delhi
Domino's Pizza,"M 42, Connaught Place, New Delhi",+911146564906,4.1,400,Chirpy Crowd|Drive through|Economical|Cute Little Place|Excellent Location|Fair Prices|,Veg Extravaganza Pizza|Deluxe Veggie Pizza|Veggie Paradise|Calzone Pockets|Stuffed Garlic Bread|Farmhouse Pizza|,Pizza|Fast Food|,Dining|Delivery|Veg Extravaganza Pizza|Deluxe Veggie Pizza|Veggie Paradise|Calzone Pockets|Stuffed Garlic Bread|Farmhouse Pizza|Chirpy Crowd|Drive through|Economical|Cute Little Place|Excellent Location|Fair Prices|,Central Delhi
Bikkgane Biryani,"P-2/90, Opposite PVR Rivoli, Connaught Place, New Delhi",+918929240883,4.0,0,Kaju Chicken|Tangdi Chicken|Gulab Jamun Bomb|Hyderabadi Chicken|Veg Handi Biryani|Gobi Manchurian|,Extensive range of Hyderabadi biryanis and array of tikkas|kebabs|and curries to choose from|,Biryani|North Indian|Mughlai|Hyderabadi|Andhra|,Dining|Delivery|Kaju Chicken|Tangdi Chicken|Gulab Jamun Bomb|Hyderabadi Chicken|Veg Handi Biryani|Gobi Manchurian|Family Place|Loved it|Unique Menu|Great Value|Good Value|Fast Delivery Service|,Central Delhi
Bangla Foods,"111-113, Bangla Sahib Marg, Gole Market, New Delhi",+911123361246,4.1,300,Not very Crowded|Elegantly Decorated|Inexpensive|Cleanliness|Prompt Service|Decent Place|,Honey Chilli Potatoes|Noodle|Pastries|Pav Bhaji|Chole Bhature|Dosa|,North Indian|South Indian|Fast Food|Street Food|Chinese|,Dining|Delivery|Honey Chilli Potatoes|Noodle|Pastries|Pav Bhaji|Chole Bhature|Dosa|Not very Crowded|Elegantly Decorated|Inexpensive|Cleanliness|Prompt Service|Decent Place|,Central Delhi
La Pino'z Pizza,"Shop 2, Old Rajinder Nagar Market, Karol Bagh, New Delhi",+919312259224,3.9,500,,,,Dining|Delivery|,Central Delhi
Punjabi Angithi,"Shop 27, Ground Floor, DDA Market, CSC Satyawati Colony, Ashok Vihar Phase 3, New Delhi",+919667790777,4.1,200,Quantity and Quality of Food|Pocket Friendly Place|Decent Prices|Best Services|Food Packaging|Hygienic Food|,Palak Kofta|Tawa Chaap Masala|Tandoori Chaap|Veg Hakka Noodles|Paneer Tikka Masala|Paneer Lababdaar|,North Indian|Chinese|Rolls|Momos|Street Food|,Palak Kofta|Tawa Chaap Masala|Tandoori Chaap|Veg Hakka Noodles|Paneer Tikka Masala|Paneer Lababdaar|Quantity and Quality of Food|Pocket Friendly Place|Decent Prices|Best Services|Food Packaging|Hygienic Food|,Central Delhi
Nathu's Pastry Shop,"12 & 13, Bengali Market, Mandi House, New Delhi",+919654892255,4.0,400,Seating Arrangement|Food Presentation|Great Place|Good Place|Prices|Staff|,Veg Puff|Chicken Patties|Eclair|Croissant|Pastries|Cookies|,Bakery|Pizza|Fast Food|Beverages|,Dining|Delivery|Veg Puff|Chicken Patties|Eclair|Croissant|Pastries|Cookies|Seating Arrangement|Food Presentation|Great Place|Good Place|Prices|Staff|,Central Delhi
Saravana Bhavan,"50, Atul Grove Road, Janpath, New Delhi",+911123317755,4.3,600,Authentic South Indian food|,,South Indian|Desserts|Juices|Beverages|,Dining|Delivery|,Central Delhi
Shudh Annapurna,"T2506, Elahi Baksh Road, Near Faiz Road, Karol Bagh, New Delhi",+911143643436,4.1,100,Great Recommendations|Spill Proof Packaging|Nice Food|Contactless Delivery|Great Taste|Quality Food|,Vegetable Chowmein|Fruit Cream|Lacha Paratha|Special Thali|Shahi Paneer|Dal Makhni|,North Indian|Chinese|South Indian|Beverages|,Vegetable Chowmein|Fruit Cream|Lacha Paratha|Special Thali|Shahi Paneer|Dal Makhni|Great Recommendations|Spill Proof Packaging|Nice Food|Contactless Delivery|Great Taste|Quality Food|,Central Delhi
Nazeer Foods,"M-42, Connaught Place, New Delhi",+919899241401,3.9,600,Economical|Sitting|Polite Staff|Portion|Main Course|Price|,,North Indian|Mughlai|Biryani|Fast Food|Beverages|Desserts|,Dining|Delivery|Economical|Sitting|Polite Staff|Portion|Main Course|Price|,Central Delhi
Biryani By Kilo,"N 79, 1st Floor, Pratap Building, N Block, Connaught Circle, Near Connaught Place, New Delhi",+919555212212,4.1,800,Good Food and Good Service|Relaxed Atmosphere|Gastronomical Experience|Comfortable Seating Area|Packed on Weekends|Good Hospitality|,Matka Phirni|Mutton Hyderabadi Biryani|Non Veg Biryani|Kolkata Chicken Biryani|Chicken Ghee Roast|Firni|,Biryani|Hyderabadi|North Indian|Kebab|Mughlai|Desserts|,Dining|Delivery|Matka Phirni|Mutton Hyderabadi Biryani|Non Veg Biryani|Kolkata Chicken Biryani|Chicken Ghee Roast|Firni|Good Food and Good Service|Relaxed Atmosphere|Gastronomical Experience|Comfortable Seating Area|Packed on Weekends|Good Hospitality|,Central Delhi
Jain Chawal Wale,"P 1/90, Connaught Circus, Connaught Place, New Delhi",+919911177118,4.0,450,Intimate Seating|Packed on Weekends|Fancy Crowd|Reasonable Rates|Friendly Place|Meals|,Shahi Paneer Chawal|Salted Lassi|Soya Masala|Kadhi Chawal|Kadi Rice|Tawa Paratha|,North Indian|Chinese|Street Food|Beverages|,Dining|Delivery|Shahi Paneer Chawal|Salted Lassi|Soya Masala|Kadhi Chawal|Kadi Rice|Tawa Paratha|Intimate Seating|Packed on Weekends|Fancy Crowd|Reasonable Rates|Friendly Place|Meals|,Central Delhi
The Dhaba Junction,"14 A/22 Ground Floor, WEA, Karol Bagh, New Delhi",+911140349119,3.5,600,Cutlery|Good Wifi|Good Music|Elaborate Menu|Fresh Food|Customizable Food|,,Mughlai|Fast Food|North Indian|Beverages|Chinese|,Dining|Delivery|Cutlery|Good Wifi|Good Music|Elaborate Menu|Fresh Food|Customizable Food|,Central Delhi
Aashirwad Restaurant,"B-31/125, Gali 4, Mangal Bazar Road, Guru Nanak Pura, Laxmi Nagar, New Delhi",+919821901135,3.8,150,,,North Indian|Chinese|,,Central Delhi
Behrouz Biryani,"Shop 30, Gandhi Market, Minto Road, Connaught Place, New Delhi",+917700050050,4.0,500,Great Taste|Flavour|Packing|Good Food|Good Quality|,Paneer Subz Biryani|Bhuna Chicken|Gulab Jamun|Mutton|,Biryani|Kebab|Hyderabadi|Lucknowi|,Paneer Subz Biryani|Bhuna Chicken|Gulab Jamun|Mutton|Great Taste|Flavour|Packing|Good Food|Good Quality|,Central Delhi
Starbucks Coffee,"A-1, Hamilton House, Inner Circle, Connaught Place, New Delhi",+919311592951,3.9,800,Free Wifi|Cozy Ambience|Great Interiors|Huge Place|Calm|Great Location|,Caramel Frappucino|Iced Vanilla Latte|Vanilla Frappe|Java Chip Frappuccino|Caramel Macchiato|Wonderful Coffee|,,Dining|Delivery|Caramel Frappucino|Iced Vanilla Latte|Vanilla Frappe|Java Chip Frappuccino|Caramel Macchiato|Wonderful Coffee|Free Wifi|Cozy Ambience|Great Interiors|Huge Place|Calm|Great Location|,Central Delhi
Bikanervala,"1st Floor, Rajiv Gandhi Handicraft Bhavan, Baba Kharak Singh Marg, Connaught Place, New Delhi",+919717744986,3.8,500,Good for Families|Parking Space Available|Delivery Person|Family Crowd|Quick Service|Good Ambience|,Raj Kachori|Deluxe Thali|Rasmalai|Noodle|Pav Bhaji|Chole|,Mithai|North Indian|Chinese|Fast Food|Street Food|Desserts|Beverages|,Dining|Delivery|Raj Kachori|Deluxe Thali|Rasmalai|Noodle|Pav Bhaji|Chole|Good for Families|Parking Space Available|Delivery Person|Family Crowd|Quick Service|Good Ambience|,Central Delhi
Nizam's Kathi Kabab,"Shop 7 & 8, Corner Market, Malviya Nagar, New Delhi",+911141082600,4.3,500,Good Ambience|Awesome Food|Hygiene|Courteous Staff|Main Course|Great Taste|,Double Chicken Double Egg Roll|Keema Roll|Kathi Rolls|Kabab|Mutton Biryani|Chutney|,North Indian|Mughlai|Rolls|Kebab|Beverages|,Dining|Delivery|Double Chicken Double Egg Roll|Keema Roll|Kathi Rolls|Kabab|Mutton Biryani|Chutney|Good Ambience|Awesome Food|Hygiene|Courteous Staff|Main Course|Great Taste|,Central Delhi
Subway,"P 3/90, Baba Kharak Singh Marg, Opposite Rivoli Cinema, Connaught Place, New Delhi",+919311994106,4.0,400,Music Choice|Air Conditioning|Trained Staff|Comfort Food|Polite Staff|Healthy Food|,Customizable submarine sandwiches and salads|,Healthy Food|Fast Food|Sandwich|Salad|Wraps|Beverages|,Dining|Delivery|Music Choice|Air Conditioning|Trained Staff|Comfort Food|Polite Staff|Healthy Food|,Central Delhi
Pizza Hut,"17A/54, Ground Floor, W.E.A., Tank Road, Karol Bagh, New Delhi",+918447106305,3.6,800,,,,Dining|Delivery|,Central Delhi
Biryani Badshah,"Shop 2/90, C Circus, Connaught Place, New Delhi",+911141516628,4.0,400,Comfortable Seating Area|Amazing Prices|Good for Large Groups|Themed Decor|Fast Delivery Service|Prompt Delivery|,Andhra Prawn Fry|Panner Biryani|Biryani Combo Meal|Chicken Chettinadu|Murgh Malai|Mutton Boneless Biryani|,Biryani|North Indian|Mughlai|Hyderabadi|Andhra|,Dining|Delivery|Andhra Prawn Fry|Panner Biryani|Biryani Combo Meal|Chicken Chettinadu|Murgh Malai|Mutton Boneless Biryani|Comfortable Seating Area|Amazing Prices|Good for Large Groups|Themed Decor|Fast Delivery Service|Prompt Delivery|,Central Delhi
Bagundi Andhra Kitchen,"M-14, Outer Circle, Opposite Fire Station, Connaught Place, New Delhi",+911140509889,4.1,800,Everything was very Good|Themed Decor|Ample Seating Area|Good for Large Groups|Packed on Weekends|Authentic Food|,Crab Fry|Guntur Idli|Andhra Fish Fry|Fry Prawns|Anda Curry|Chicken Thali|,South Indian|Biryani|Andhra|Hyderabadi|,Dining|Delivery|Crab Fry|Guntur Idli|Andhra Fish Fry|Fry Prawns|Anda Curry|Chicken Thali|Everything was very Good|Themed Decor|Ample Seating Area|Good for Large Groups|Packed on Weekends|Authentic Food|,Central Delhi
Wat-A-Burger - India Ka Burger,"A 25, Ground Floor, Connaught Place, New Delhi",+919667743244,3.9,350,Weekend Brunch|Good Wifi|Student Crowd|Elaborate Menu|Young Crowd|Customizable Food|,,Burger|Sandwich|Fast Food|Desserts|Beverages|Shake|,Dining|Delivery|Weekend Brunch|Good Wifi|Student Crowd|Elaborate Menu|Young Crowd|Customizable Food|,Central Delhi
La Milano Pizzeria,"11A/19, Ground Floor, Rajinder Nagar, New Delhi",+917310399991,3.7,300,,,,Dining|Delivery|,Central Delhi
McDonald's,"N-10, Outer Circle, Connaught Place, New Delhi",+918588839324,4.3,0,Mcspicy Paneer|Mc Chicken|Mc Veggie|Mcaloo Tikki|Loaded Fries|French Fries|,Classic Burgers and Fries|,Burger|Fast Food|Beverages|Coffee|,Dining|Delivery|Mcspicy Paneer|Mc Chicken|Mc Veggie|Mcaloo Tikki|Loaded Fries|French Fries|Office Crowd|Economical|Great Ambiance|Cleanliness|Polite Staff|Friendly Place|,Central Delhi
Haldiram's,"70, Janpath, New Delhi",+918588027405,4.1,400,Comforting Atmosphere|Contactless Delivery|Wonderful Presentation|Prices|Extensive Menu|Timely Service|,,South Indian|North Indian|Street Food|Chinese|Beverages|Desserts|,Dining|Delivery|Comforting Atmosphere|Contactless Delivery|Wonderful Presentation|Prices|Extensive Menu|Timely Service|,Central Delhi
Biryani Blues,"Showroom 9, Scindia House, Connaught Circus, Connaught Place, New Delhi",+918010801000,4.1,400,Gastronomical Experience|Themed Decor|Serving Size|More Variety|Prime Location|Staff Service|,Lamb Briyani|Chicken Nizami|Paneer65|Biryani Ka Badshah|Chicken65|Mirch Ka Salan|,Biryani|Kebab|Desserts|,Dining|Delivery|Lamb Briyani|Chicken Nizami|Paneer65|Biryani Ka Badshah|Chicken65|Mirch Ka Salan|Gastronomical Experience|Themed Decor|Serving Size|More Variety|Prime Location|Staff Service|,Central Delhi
Khan Chacha,"D-3, Connaught Place, New Delhi",+919205592804,4.2,500,Nice Crowd|Sitting Area|Great Ambiance|Prompt Service|Polite Staff|Low Price|,Chicken Tikka Roomali Roll|Kathi Rolls|Chicken Seekh|Kababs|Phirni|Mutton Seekh|,North Indian|Mughlai|Rolls|,Dining|Delivery|Chicken Tikka Roomali Roll|Kathi Rolls|Chicken Seekh|Kababs|Phirni|Mutton Seekh|Nice Crowd|Sitting Area|Great Ambiance|Prompt Service|Polite Staff|Low Price|,Central Delhi
Annie's Kerala Kitchen,"23/1, Main Market, East Patel Nagar, New Delhi",+918826004462,3.8,600,,,Kerala|Chinese|Biryani|Seafood|South Indian|,Dining|Delivery|,Central Delhi
Burger Singh - Big Punjabi Burgers,"H-45, Connaught Place, New Delhi",+918767121212,4.2,400,Casual Seating Area|Clean Place|Cheap|Good Crowd|Combos|Cozy Place|,Macho Burger|Jeera Soda|Potato Crunch|Chicken Bbq Wings|Keema Curry|Spicy Fries|,Burger|Momos|Fast Food|,Dining|Delivery|Macho Burger|Jeera Soda|Potato Crunch|Chicken Bbq Wings|Keema Curry|Spicy Fries|Casual Seating Area|Clean Place|Cheap|Good Crowd|Combos|Cozy Place|,Central Delhi
Pind Balluchi,"1/3, Scindia House, Janpath, New Delhi",+919910629368,4.0,400,Ample Seating Area|Good for Large Groups|Cleanliness|Good Value|Great Value|Atmosphere|,Dal Balluchi|Soya Chaap Gravy|Kadhai Paneer Thali|Mushroom Kurkure|Tandoori Butter Roti|Mixed Vegetables|,North Indian|Mughlai|Kebab|Desserts|,Dining|Delivery|Dal Balluchi|Soya Chaap Gravy|Kadhai Paneer Thali|Mushroom Kurkure|Tandoori Butter Roti|Mixed Vegetables|Ample Seating Area|Good for Large Groups|Cleanliness|Good Value|Great Value|Atmosphere|,Central Delhi
KFC,"A 12, Inner Circle, A Block, Connaught Place, New Delhi",+918042754444,4.2,400,Affordable Food|Casual Seating Area|Not very Crowded|Air Conditioning|Elegantly Decorated|Seating Capacity|,Choco Lash|Lemon Mojito|Chicken Zinger|Zinger Burger|Chicken Bucket|Hot Wings|,Burger|Fast Food|,Dining|Delivery|Choco Lash|Lemon Mojito|Chicken Zinger|Zinger Burger|Chicken Bucket|Hot Wings|Affordable Food|Casual Seating Area|Not very Crowded|Air Conditioning|Elegantly Decorated|Seating Capacity|,Central Delhi
The Burger Club,"2, Arya Samaj Road, Karol Bagh, New Delhi",+911140110180,4.0,700,Nice Staff Behavior|Ambience and Service|Good Food Good Quality|Staff very Polite|Office Crowd|Drive through|,Chocolate Blast|Devilled Chicken|Burgerking Burger|Coffee Frappuccino|Club Burger|Iced Mocha|,Cafe|Coffee|Burger|Fast Food|Beverages|,Dining|Delivery|Chocolate Blast|Devilled Chicken|Burgerking Burger|Coffee Frappuccino|Club Burger|Iced Mocha|Nice Staff Behavior|Ambience and Service|Good Food Good Quality|Staff very Polite|Office Crowd|Drive through|,Central Delhi
Punjab Sweet Corner,"15-A/65, Ajmal Khan Road, Karol Bagh, New Delhi",+911125755982,4.1,350,Chirpy Crowd|Bang for the Buck|Cleanliness|Serving Size|Very Affordable|Street Food|,Poori Chole|Deluxe Thali|Golgappe|Kheer|Pav Bhaji|Chaat|,North Indian|Fast Food|South Indian|Beverages|Desserts|Chinese|,Dining|Delivery|Poori Chole|Deluxe Thali|Golgappe|Kheer|Pav Bhaji|Chaat|Chirpy Crowd|Bang for the Buck|Cleanliness|Serving Size|Very Affordable|Street Food|,Central Delhi
Chinese Hut,"3/48, Double Storey, Central Road, Jangpura, New Delhi",+919891038626,4.1,150,,,Chinese|Momos|Rolls|,,Central Delhi
Apni Rasoi,"F 18, Hudson Lane, Opposite NDPL Office, Vijay Nagar, New Delhi",+918527896213,4.0,350,Inexpensive|Good Crowd|Food Delivery|Behavior|Reasonable Prices|Contactless Delivery|,Tandoori Malai Chaap|Panner Butter Masala|Mix Veg|Butter Naan|Raita|Malai Kofta|,North Indian|Chinese|Fast Food|,Dining|Delivery|Tandoori Malai Chaap|Panner Butter Masala|Mix Veg|Butter Naan|Raita|Malai Kofta|Inexpensive|Good Crowd|Food Delivery|Behavior|Reasonable Prices|Contactless Delivery|,Central Delhi
Jhakkas Bombay Pav Bhaji,"E-20, Shree Krishna Mandir, Central Market, Lajpat Nagar 1, New Delhi",+919818181829,4.0,200,Drive through|Chirpy Crowd|Good Portions|Cozy Ambiance|Street Food|Great Recommendations|,,Street Food|Maharashtrian|North Indian|Pizza|Sandwich|Beverages|,Dining|Delivery|Drive through|Chirpy Crowd|Good Portions|Cozy Ambiance|Street Food|Great Recommendations|,Central Delhi
Burger King,"E-8, Inner Circle, Connaught Place, New Delhi",+911143509889,4.2,400,Menu Choice|Staff Behavior|Economical|Casual Seating Area|Nice Crowd|Good Crowd|,Chicken Royale|Chic Burger|Mutton Whoppers|Blueberry Blast|Keema Crunch|King Size Burger|,Burger|Fast Food|Street Food|,Dining|Delivery|Chicken Royale|Chic Burger|Mutton Whoppers|Blueberry Blast|Keema Crunch|King Size Burger|Menu Choice|Staff Behavior|Economical|Casual Seating Area|Nice Crowd|Good Crowd|,Central Delhi
Delhi Darbar Dhaba,"7, NDMC Market, Babar Road, Near Bengali Market, Mandi House, New Delhi",+911123324300,3.6,200,Preparation|Awesome Food|Location|Portion|Tasty Food|Price|,,North Indian|Chinese|Fast Food|Mughlai|,Preparation|Awesome Food|Location|Portion|Tasty Food|Price|,Central Delhi
Hira Sweets,"K 19/21, Connaught Place, New Delhi",+919136587253,4.2,500,South Indian Menu|Nice/Colourful Packaging|Parking Space Available|Hygienic Place|Pocket Friendly Place|Family Restaurant|,Paneer Dhokla|Kalakand|Deluxe Thali|Rasgulla|Raj Kachori|Rajma Rice|,Mithai|North Indian|South Indian|Chinese|Street Food|,Dining|Delivery|Paneer Dhokla|Kalakand|Deluxe Thali|Rasgulla|Raj Kachori|Rajma Rice|South Indian Menu|Nice/Colourful Packaging|Parking Space Available|Hygienic Place|Pocket Friendly Place|Family Restaurant|,Central Delhi
Sandoz,"L-9, Ground Floor, Connaught Place, New Delhi",+918595951359,4.2,800,Good Staffs|Seating Inside|Quantity of Portion|Staff Politeness|Service is Great and Fast|Authentic|,Fruit Punch Mocktail|Bhatti Chicken|Handi Chicken|Manchurian|Virgin Mojito|Garlic Naan|,North Indian|Chinese|Fast Food|Mughlai|Rolls|Continental|Beverages|,Dining|Delivery|Fruit Punch Mocktail|Bhatti Chicken|Handi Chicken|Manchurian|Virgin Mojito|Garlic Naan|Good Staffs|Seating Inside|Quantity of Portion|Staff Politeness|Service is Great and Fast|Authentic|,Central Delhi
Sita Ram Diwan Chand,"2243, Chuna Mandi, Raj Guru Road, Paharganj, New Delhi",+911123587380,4.1,0,Paneer Bhatura|Meethi Lassi|Chana Kulcha|Chola Bhatura|Healthy Breakfast|Kulfi|,Legendary choley bhature|,North Indian|,Dining|Delivery|Paneer Bhatura|Meethi Lassi|Chana Kulcha|Chola Bhatura|Healthy Breakfast|Kulfi|Bang for the Buck|Clean Place|Pocket Friendly|Good Hygiene|Hygienic Place|Street Food|,Central Delhi
Swagat Dhaba,"5137, Main Bazaar, Paharganj, New Delhi",+918929734255,4.1,300,Wonderful Presentation|Proper Packaging|Timely Service|Good Food|Price|Great Portions|,,North Indian|,Dining|Delivery|Wonderful Presentation|Proper Packaging|Timely Service|Good Food|Price|Great Portions|,Central Delhi
Nukkad Ramji Samosa Wala,"2E/6, Moti Bhavan, Near Jhandewalan Metro Station Gate 2, Karol Bagh, New Delhi",+919899105636,3.9,50,,,Chinese|Street Food|North Indian|,,Central Delhi
